#,节点,真实角色,预测角色,是否正确
1,17976,劝阻者,劝阻者,✓
2,17977,跟风者,跟风者,✓
3,17978,劝阻者,劝阻者,✓
4,17979,跟风者,跟风者,✓
5,17980,无关者,无关者,✓
6,17981,劝阻者,劝阻者,✓
7,17982,跟风者,跟风者,✓
8,17983,劝阻者,跟风者,✗
9,17984,跟风者,跟风者,✓
10,17985,劝阻者,劝阻者,✓
11,17986,无关者,无关者,✓
12,17987,无关者,无关者,✓
13,17988,跟风者,跟风者,✓
14,17989,劝阻者,劝阻者,✓
15,17990,网暴者,网暴者,✓
16,17991,网暴者,网暴者,✓
17,17992,无关者,无关者,✓
18,17993,无关者,无关者,✓
19,17994,无关者,无关者,✓
20,17995,网暴者,网暴者,✓
21,17996,无关者,无关者,✓
22,17997,劝阻者,劝阻者,✓
23,17998,劝阻者,劝阻者,✓
24,17999,劝阻者,劝阻者,✓
25,18000,网暴者,网暴者,✓
26,18001,网暴者,网暴者,✓
27,18002,无关者,无关者,✓
28,18003,网暴者,劝阻者,✗
29,18004,无关者,无关者,✓
30,18005,网暴者,网暴者,✓
31,18006,无关者,无关者,✓
32,18007,劝阻者,劝阻者,✓
33,18008,无关者,无关者,✓
34,18009,网暴者,网暴者,✓
35,18010,劝阻者,劝阻者,✓
36,18011,无关者,无关者,✓
37,18012,无关者,无关者,✓
38,18013,网暴者,网暴者,✓
39,18014,无关者,无关者,✓
40,18015,跟风者,跟风者,✓
41,18016,跟风者,跟风者,✓
42,18017,无关者,无关者,✓
43,18018,网暴者,网暴者,✓
44,18019,跟风者,跟风者,✓
45,18020,跟风者,跟风者,✓
46,18021,无关者,无关者,✓
47,18022,无关者,无关者,✓
48,18023,网暴者,劝阻者,✗
49,18024,跟风者,跟风者,✓
50,18025,无关者,无关者,✓
51,18026,跟风者,跟风者,✓
52,18027,劝阻者,劝阻者,✓
53,18028,无关者,无关者,✓
54,18029,无关者,无关者,✓
55,18030,劝阻者,劝阻者,✓
56,18031,无关者,无关者,✓
57,18032,跟风者,跟风者,✓
58,18033,劝阻者,劝阻者,✓
59,18034,跟风者,无关者,✗
60,18035,无关者,无关者,✓
61,18036,无关者,无关者,✓
62,18037,跟风者,跟风者,✓
63,18038,网暴者,网暴者,✓
64,18039,网暴者,网暴者,✓
65,18040,劝阻者,劝阻者,✓
66,18041,网暴者,网暴者,✓
67,18042,劝阻者,网暴者,✗
68,18043,劝阻者,劝阻者,✓
69,18044,跟风者,劝阻者,✗
70,18045,网暴者,网暴者,✓
71,18046,无关者,无关者,✓
72,18047,跟风者,跟风者,✓
73,18048,劝阻者,劝阻者,✓
74,18049,跟风者,跟风者,✓
75,18050,劝阻者,劝阻者,✓
76,18051,劝阻者,劝阻者,✓
77,18052,无关者,无关者,✓
78,18053,无关者,无关者,✓
79,18054,跟风者,跟风者,✓
80,18055,网暴者,网暴者,✓
81,18056,无关者,无关者,✓
82,18057,网暴者,网暴者,✓
83,18058,无关者,无关者,✓
84,18059,跟风者,跟风者,✓
85,18060,劝阻者,劝阻者,✓
86,18061,无关者,无关者,✓
87,18062,跟风者,跟风者,✓
88,18063,劝阻者,劝阻者,✓
89,18064,网暴者,无关者,✗
90,18065,无关者,无关者,✓
91,18066,跟风者,跟风者,✓
92,18067,劝阻者,劝阻者,✓
93,18068,无关者,无关者,✓
94,18069,跟风者,跟风者,✓
95,18070,网暴者,网暴者,✓
96,18071,无关者,无关者,✓
97,18072,无关者,无关者,✓
98,18073,跟风者,跟风者,✓
99,18074,跟风者,跟风者,✓
100,18075,跟风者,跟风者,✓
101,18076,跟风者,跟风者,✓
102,18077,无关者,无关者,✓
103,18078,跟风者,跟风者,✓
104,18079,跟风者,跟风者,✓
105,18080,无关者,无关者,✓
106,18081,无关者,无关者,✓
107,18082,跟风者,跟风者,✓
108,18083,跟风者,跟风者,✓
109,18084,劝阻者,劝阻者,✓
110,18085,跟风者,跟风者,✓
111,18086,跟风者,跟风者,✓
112,18087,跟风者,跟风者,✓
113,18088,跟风者,跟风者,✓
114,18089,无关者,无关者,✓
115,18090,无关者,无关者,✓
116,18091,无关者,无关者,✓
117,18092,跟风者,跟风者,✓
118,18093,跟风者,跟风者,✓
119,18094,跟风者,跟风者,✓
120,18095,跟风者,跟风者,✓
121,18096,网暴者,网暴者,✓
122,18097,无关者,无关者,✓
123,18098,网暴者,网暴者,✓
124,18099,劝阻者,劝阻者,✓
125,18100,无关者,无关者,✓
126,18101,网暴者,无关者,✗
127,18102,无关者,无关者,✓
128,18103,网暴者,网暴者,✓
129,18104,无关者,无关者,✓
130,18105,跟风者,跟风者,✓
131,18106,无关者,无关者,✓
132,18107,无关者,无关者,✓
133,18108,跟风者,跟风者,✓
134,18109,跟风者,跟风者,✓
135,18110,劝阻者,劝阻者,✓
136,18111,无关者,无关者,✓
137,18112,劝阻者,劝阻者,✓
138,18113,跟风者,跟风者,✓
139,18114,劝阻者,劝阻者,✓
140,18115,网暴者,网暴者,✓
141,18116,网暴者,网暴者,✓
142,18117,跟风者,跟风者,✓
143,18118,跟风者,无关者,✗
144,18119,劝阻者,劝阻者,✓
145,18120,跟风者,跟风者,✓
146,18121,跟风者,跟风者,✓
147,18122,网暴者,网暴者,✓
148,18123,跟风者,跟风者,✓
149,18124,跟风者,跟风者,✓
150,18125,跟风者,跟风者,✓
151,18126,跟风者,跟风者,✓
152,18127,劝阻者,劝阻者,✓
153,18128,跟风者,跟风者,✓
154,18129,无关者,无关者,✓
155,18130,劝阻者,劝阻者,✓
156,18131,跟风者,跟风者,✓
157,18132,网暴者,网暴者,✓
158,18133,网暴者,网暴者,✓
159,18134,劝阻者,网暴者,✗
160,18135,无关者,无关者,✓
161,18136,无关者,无关者,✓
162,18137,网暴者,网暴者,✓
163,18138,劝阻者,劝阻者,✓
164,18139,跟风者,跟风者,✓
165,18140,劝阻者,劝阻者,✓
166,18141,无关者,无关者,✓
167,18142,劝阻者,劝阻者,✓
168,18143,无关者,无关者,✓
169,18144,劝阻者,劝阻者,✓
170,18145,无关者,无关者,✓
171,18146,跟风者,跟风者,✓
172,18147,无关者,跟风者,✗
173,18148,劝阻者,劝阻者,✓
174,18149,跟风者,跟风者,✓
175,18150,劝阻者,劝阻者,✓
176,18151,跟风者,无关者,✗
177,18152,无关者,无关者,✓
178,18153,跟风者,跟风者,✓
179,18154,跟风者,跟风者,✓
180,18155,无关者,无关者,✓
181,18156,无关者,无关者,✓
182,18157,网暴者,网暴者,✓
183,18158,劝阻者,劝阻者,✓
184,18159,跟风者,跟风者,✓
185,18160,网暴者,网暴者,✓
186,18161,无关者,无关者,✓
187,18162,劝阻者,劝阻者,✓
188,18163,劝阻者,劝阻者,✓
189,18164,跟风者,跟风者,✓
190,18165,网暴者,网暴者,✓
191,18166,无关者,无关者,✓
192,18167,网暴者,网暴者,✓
193,18168,跟风者,跟风者,✓
194,18169,劝阻者,劝阻者,✓
195,18170,跟风者,跟风者,✓
196,18171,跟风者,跟风者,✓
197,18172,劝阻者,劝阻者,✓
198,18173,劝阻者,劝阻者,✓
199,18174,网暴者,网暴者,✓
200,18175,劝阻者,劝阻者,✓
201,18176,无关者,无关者,✓
202,18177,劝阻者,劝阻者,✓
203,18178,跟风者,跟风者,✓
204,18179,跟风者,跟风者,✓
205,18180,劝阻者,劝阻者,✓
206,18181,无关者,无关者,✓
207,18182,无关者,跟风者,✗
208,18183,网暴者,网暴者,✓
209,18184,劝阻者,劝阻者,✓
210,18185,跟风者,跟风者,✓
211,18186,网暴者,网暴者,✓
212,18187,跟风者,跟风者,✓
213,18188,无关者,无关者,✓
214,18189,无关者,无关者,✓
215,18190,无关者,无关者,✓
216,18191,跟风者,跟风者,✓
217,18192,网暴者,网暴者,✓
218,18193,劝阻者,劝阻者,✓
219,18194,跟风者,跟风者,✓
220,18195,劝阻者,跟风者,✗
221,18196,无关者,无关者,✓
222,18197,劝阻者,劝阻者,✓
223,18198,无关者,无关者,✓
224,18199,网暴者,无关者,✗
225,18200,跟风者,跟风者,✓
226,18201,无关者,无关者,✓
227,18202,跟风者,劝阻者,✗
228,18203,劝阻者,劝阻者,✓
229,18204,劝阻者,劝阻者,✓
230,18205,无关者,网暴者,✗
231,18206,劝阻者,劝阻者,✓
232,18207,无关者,无关者,✓
233,18208,网暴者,网暴者,✓
234,18209,劝阻者,劝阻者,✓
235,18210,网暴者,网暴者,✓
236,18211,跟风者,跟风者,✓
237,18212,无关者,无关者,✓
238,18213,跟风者,跟风者,✓
239,18214,跟风者,跟风者,✓
240,18215,无关者,无关者,✓
241,18216,跟风者,跟风者,✓
242,18217,跟风者,跟风者,✓
243,18218,劝阻者,劝阻者,✓
244,18219,无关者,无关者,✓
245,18220,无关者,无关者,✓
246,18221,跟风者,跟风者,✓
247,18222,无关者,无关者,✓
248,18223,无关者,无关者,✓
249,18224,无关者,无关者,✓
250,18225,无关者,无关者,✓
251,18226,跟风者,跟风者,✓
252,18227,无关者,无关者,✓
253,18228,网暴者,网暴者,✓
254,18229,网暴者,网暴者,✓
255,18230,跟风者,跟风者,✓
256,18231,劝阻者,劝阻者,✓
257,18232,跟风者,跟风者,✓
258,18233,无关者,无关者,✓
259,18234,无关者,网暴者,✗
260,18235,网暴者,网暴者,✓
261,18236,跟风者,劝阻者,✗
262,18237,劝阻者,劝阻者,✓
263,18238,跟风者,跟风者,✓
264,18239,劝阻者,劝阻者,✓
265,18240,劝阻者,劝阻者,✓
266,18241,无关者,无关者,✓
267,18242,网暴者,网暴者,✓
268,18243,劝阻者,网暴者,✗
269,18244,无关者,无关者,✓
270,18245,跟风者,跟风者,✓
271,18246,劝阻者,劝阻者,✓
272,18247,无关者,无关者,✓
273,18248,劝阻者,劝阻者,✓
274,18249,劝阻者,劝阻者,✓
275,18250,劝阻者,劝阻者,✓
276,18251,劝阻者,劝阻者,✓
277,18252,劝阻者,劝阻者,✓
278,18253,跟风者,跟风者,✓
279,18254,劝阻者,劝阻者,✓
280,18255,劝阻者,劝阻者,✓
281,18256,劝阻者,劝阻者,✓
282,18257,劝阻者,劝阻者,✓
283,18258,劝阻者,劝阻者,✓
284,18259,劝阻者,劝阻者,✓
285,18260,无关者,无关者,✓
286,18261,无关者,无关者,✓
287,18262,劝阻者,跟风者,✗
288,18263,劝阻者,劝阻者,✓
289,18264,跟风者,跟风者,✓
290,18265,劝阻者,劝阻者,✓
291,18266,跟风者,跟风者,✓
292,18267,劝阻者,劝阻者,✓
293,18268,劝阻者,劝阻者,✓
294,18269,跟风者,跟风者,✓
295,18270,跟风者,跟风者,✓
296,18271,劝阻者,劝阻者,✓
297,18272,劝阻者,劝阻者,✓
298,18273,劝阻者,劝阻者,✓
299,18274,劝阻者,劝阻者,✓
300,18275,劝阻者,网暴者,✗
301,18276,无关者,无关者,✓
302,18277,跟风者,跟风者,✓
303,18278,跟风者,跟风者,✓
304,18279,劝阻者,劝阻者,✓
305,18280,跟风者,跟风者,✓
306,18281,跟风者,跟风者,✓
307,18282,无关者,无关者,✓
308,18283,跟风者,跟风者,✓
309,18284,劝阻者,劝阻者,✓
310,18285,跟风者,跟风者,✓
311,18286,无关者,无关者,✓
312,18287,劝阻者,劝阻者,✓
313,18288,跟风者,跟风者,✓
314,18289,跟风者,跟风者,✓
315,18290,网暴者,网暴者,✓
316,18291,劝阻者,劝阻者,✓
317,18292,网暴者,网暴者,✓
318,18293,劝阻者,劝阻者,✓
319,18294,跟风者,跟风者,✓
320,18295,无关者,无关者,✓
321,18296,跟风者,跟风者,✓
322,18297,跟风者,劝阻者,✗
323,18298,劝阻者,劝阻者,✓
324,18299,无关者,无关者,✓
325,18300,跟风者,跟风者,✓
326,18301,跟风者,跟风者,✓
327,18302,无关者,无关者,✓
328,18303,劝阻者,劝阻者,✓
329,18304,跟风者,无关者,✗
330,18305,网暴者,网暴者,✓
331,18306,跟风者,跟风者,✓
332,18307,跟风者,跟风者,✓
333,18308,无关者,无关者,✓
334,18309,无关者,无关者,✓
335,18310,网暴者,网暴者,✓
336,18311,无关者,劝阻者,✗
337,18312,劝阻者,劝阻者,✓
338,18313,网暴者,网暴者,✓
339,18314,跟风者,跟风者,✓
340,18315,劝阻者,劝阻者,✓
341,18316,劝阻者,劝阻者,✓
342,18317,跟风者,跟风者,✓
343,18318,跟风者,跟风者,✓
344,18319,劝阻者,劝阻者,✓
345,18320,跟风者,跟风者,✓
346,18321,劝阻者,劝阻者,✓
347,18322,无关者,无关者,✓
348,18323,无关者,无关者,✓
349,18324,网暴者,网暴者,✓
350,18325,无关者,无关者,✓
351,18326,跟风者,跟风者,✓
352,18327,无关者,无关者,✓
353,18328,无关者,无关者,✓
354,18329,跟风者,跟风者,✓
355,18330,劝阻者,跟风者,✗
356,18331,跟风者,劝阻者,✗
357,18332,无关者,无关者,✓
358,18333,劝阻者,劝阻者,✓
359,18334,网暴者,网暴者,✓
360,18335,无关者,无关者,✓
361,18336,跟风者,跟风者,✓
362,18337,跟风者,劝阻者,✗
363,18338,无关者,无关者,✓
364,18339,劝阻者,劝阻者,✓
365,18340,跟风者,跟风者,✓
366,18341,劝阻者,劝阻者,✓
367,18342,网暴者,网暴者,✓
368,18343,网暴者,网暴者,✓
369,18344,网暴者,网暴者,✓
370,18345,网暴者,网暴者,✓
371,18346,劝阻者,劝阻者,✓
372,18347,劝阻者,劝阻者,✓
373,18348,跟风者,跟风者,✓
374,18349,网暴者,网暴者,✓
375,18350,网暴者,网暴者,✓
376,18351,无关者,无关者,✓
377,18352,劝阻者,劝阻者,✓
378,18353,无关者,无关者,✓
379,18354,劝阻者,劝阻者,✓
380,18355,无关者,无关者,✓
381,18356,无关者,无关者,✓
382,18357,网暴者,网暴者,✓
383,18358,无关者,无关者,✓
384,18359,跟风者,跟风者,✓
385,18360,劝阻者,劝阻者,✓
386,18361,网暴者,网暴者,✓
387,18362,劝阻者,劝阻者,✓
388,18363,网暴者,网暴者,✓
389,18364,跟风者,跟风者,✓
390,18365,劝阻者,劝阻者,✓
391,18366,劝阻者,劝阻者,✓
392,18367,劝阻者,劝阻者,✓
393,18368,跟风者,跟风者,✓
394,18369,网暴者,网暴者,✓
395,18370,无关者,无关者,✓
396,18371,劝阻者,劝阻者,✓
397,18372,跟风者,跟风者,✓
398,18373,劝阻者,劝阻者,✓
399,18374,劝阻者,劝阻者,✓
400,18375,跟风者,跟风者,✓
401,18376,跟风者,跟风者,✓
402,18377,劝阻者,劝阻者,✓
403,18378,无关者,无关者,✓
404,18379,网暴者,网暴者,✓
405,18380,网暴者,劝阻者,✗
406,18381,网暴者,网暴者,✓
407,18382,无关者,无关者,✓
408,18383,劝阻者,劝阻者,✓
409,18384,无关者,无关者,✓
410,18385,劝阻者,劝阻者,✓
411,18386,无关者,无关者,✓
412,18387,跟风者,跟风者,✓
413,18388,无关者,无关者,✓
414,18389,劝阻者,劝阻者,✓
415,18390,跟风者,跟风者,✓
416,18391,跟风者,无关者,✗
417,18392,劝阻者,劝阻者,✓
418,18393,无关者,无关者,✓
419,18394,劝阻者,劝阻者,✓
420,18395,跟风者,劝阻者,✗
421,18396,劝阻者,劝阻者,✓
422,18397,网暴者,网暴者,✓
423,18398,跟风者,跟风者,✓
424,18399,劝阻者,劝阻者,✓
425,18400,无关者,跟风者,✗
426,18401,无关者,无关者,✓
427,18402,无关者,无关者,✓
428,18403,劝阻者,劝阻者,✓
429,18404,跟风者,跟风者,✓
430,18405,劝阻者,劝阻者,✓
431,18406,无关者,无关者,✓
432,18407,无关者,无关者,✓
433,18408,劝阻者,劝阻者,✓
434,18409,劝阻者,劝阻者,✓
435,18410,跟风者,跟风者,✓
436,18411,劝阻者,劝阻者,✓
437,18412,劝阻者,劝阻者,✓
438,18413,劝阻者,劝阻者,✓
439,18414,劝阻者,劝阻者,✓
440,18415,无关者,无关者,✓
441,18416,网暴者,网暴者,✓
442,18417,网暴者,网暴者,✓
443,18418,网暴者,网暴者,✓
444,18419,劝阻者,劝阻者,✓
445,18420,网暴者,网暴者,✓
446,18421,网暴者,网暴者,✓
447,18422,无关者,无关者,✓
448,18423,无关者,无关者,✓
449,18424,跟风者,跟风者,✓
450,18425,无关者,无关者,✓
451,18426,无关者,无关者,✓
452,18427,网暴者,网暴者,✓
453,18428,劝阻者,劝阻者,✓
454,18429,跟风者,跟风者,✓
455,18430,劝阻者,劝阻者,✓
456,18431,劝阻者,劝阻者,✓
457,18432,跟风者,跟风者,✓
458,18433,无关者,无关者,✓
459,18434,无关者,无关者,✓
460,18435,无关者,无关者,✓
461,18436,劝阻者,劝阻者,✓
462,18437,劝阻者,劝阻者,✓
463,18438,网暴者,网暴者,✓
464,18439,网暴者,网暴者,✓
465,18440,跟风者,跟风者,✓
466,18441,网暴者,无关者,✗
467,18442,劝阻者,劝阻者,✓
468,18443,无关者,无关者,✓
469,18444,跟风者,跟风者,✓
470,18445,劝阻者,劝阻者,✓
471,18446,网暴者,网暴者,✓
472,18447,网暴者,网暴者,✓
473,18448,跟风者,跟风者,✓
474,18449,劝阻者,劝阻者,✓
475,18450,网暴者,网暴者,✓
476,18451,劝阻者,劝阻者,✓
477,18452,网暴者,网暴者,✓
478,18453,无关者,无关者,✓
479,18454,跟风者,跟风者,✓
480,18455,劝阻者,劝阻者,✓
481,18456,无关者,无关者,✓
482,18457,跟风者,跟风者,✓
483,18458,无关者,无关者,✓
484,18459,劝阻者,劝阻者,✓
485,18460,网暴者,网暴者,✓
486,18461,劝阻者,劝阻者,✓
487,18462,跟风者,跟风者,✓
488,18463,劝阻者,劝阻者,✓
489,18464,跟风者,跟风者,✓
490,18465,网暴者,网暴者,✓
491,18466,劝阻者,劝阻者,✓
492,18467,跟风者,跟风者,✓
493,18468,无关者,无关者,✓
494,18469,网暴者,网暴者,✓
495,18470,无关者,无关者,✓
496,18471,劝阻者,劝阻者,✓
497,18472,无关者,无关者,✓
498,18473,劝阻者,劝阻者,✓
499,18474,劝阻者,劝阻者,✓
500,18475,网暴者,网暴者,✓
501,18476,劝阻者,劝阻者,✓
502,18477,无关者,无关者,✓
503,18478,网暴者,网暴者,✓
504,18479,网暴者,网暴者,✓
505,18480,劝阻者,劝阻者,✓
506,18481,劝阻者,劝阻者,✓
507,18482,跟风者,跟风者,✓
508,18483,无关者,无关者,✓
509,18484,无关者,无关者,✓
510,18485,无关者,网暴者,✗
511,18486,跟风者,跟风者,✓
512,18487,无关者,无关者,✓
513,18488,网暴者,网暴者,✓
514,18489,无关者,无关者,✓
515,18490,网暴者,网暴者,✓
516,18491,网暴者,网暴者,✓
517,18492,跟风者,无关者,✗
518,18493,劝阻者,劝阻者,✓
519,18494,劝阻者,劝阻者,✓
520,18495,跟风者,跟风者,✓
521,18496,跟风者,跟风者,✓
522,18497,无关者,无关者,✓
523,18498,跟风者,跟风者,✓
524,18499,网暴者,网暴者,✓
525,18500,无关者,无关者,✓
526,18501,跟风者,跟风者,✓
527,18502,劝阻者,劝阻者,✓
528,18503,跟风者,跟风者,✓
529,18504,劝阻者,劝阻者,✓
530,18505,劝阻者,劝阻者,✓
531,18506,劝阻者,劝阻者,✓
532,18507,劝阻者,跟风者,✗
533,18508,跟风者,跟风者,✓
534,18509,跟风者,跟风者,✓
535,18510,劝阻者,劝阻者,✓
536,18511,跟风者,跟风者,✓
537,18512,跟风者,跟风者,✓
538,18513,无关者,无关者,✓
539,18514,跟风者,跟风者,✓
540,18515,跟风者,跟风者,✓
541,18516,劝阻者,劝阻者,✓
542,18517,跟风者,跟风者,✓
543,18518,跟风者,跟风者,✓
544,18519,跟风者,跟风者,✓
545,18520,劝阻者,劝阻者,✓
546,18521,无关者,无关者,✓
547,18522,网暴者,网暴者,✓
548,18523,劝阻者,劝阻者,✓
549,18524,劝阻者,劝阻者,✓
550,18525,网暴者,网暴者,✓
551,18526,劝阻者,劝阻者,✓
552,18527,跟风者,跟风者,✓
553,18528,无关者,无关者,✓
554,18529,跟风者,跟风者,✓
555,18530,劝阻者,劝阻者,✓
556,18531,跟风者,跟风者,✓
557,18532,跟风者,跟风者,✓
558,18533,劝阻者,劝阻者,✓
559,18534,无关者,无关者,✓
560,18535,网暴者,网暴者,✓
561,18536,跟风者,跟风者,✓
562,18537,跟风者,跟风者,✓
563,18538,无关者,无关者,✓
564,18539,网暴者,网暴者,✓
565,18540,劝阻者,劝阻者,✓
566,18541,跟风者,跟风者,✓
567,18542,劝阻者,劝阻者,✓
568,18543,无关者,无关者,✓
569,18544,劝阻者,劝阻者,✓
570,18545,跟风者,跟风者,✓
571,18546,无关者,无关者,✓
572,18547,无关者,无关者,✓
573,18548,跟风者,跟风者,✓
574,18549,跟风者,无关者,✗
575,18550,跟风者,跟风者,✓
576,18551,无关者,无关者,✓
577,18552,网暴者,网暴者,✓
578,18553,跟风者,跟风者,✓
579,18554,无关者,无关者,✓
580,18555,劝阻者,劝阻者,✓
581,18556,跟风者,跟风者,✓
582,18557,劝阻者,网暴者,✗
583,18558,劝阻者,劝阻者,✓
584,18559,劝阻者,劝阻者,✓
585,18560,劝阻者,劝阻者,✓
586,18561,无关者,无关者,✓
587,18562,跟风者,跟风者,✓
588,18563,劝阻者,劝阻者,✓
589,18564,跟风者,跟风者,✓
590,18565,无关者,跟风者,✗
591,18566,跟风者,跟风者,✓
592,18567,无关者,无关者,✓
593,18568,跟风者,跟风者,✓
594,18569,劝阻者,劝阻者,✓
595,18570,劝阻者,劝阻者,✓
596,18571,劝阻者,劝阻者,✓
597,18572,网暴者,网暴者,✓
598,18573,跟风者,跟风者,✓
599,18574,无关者,无关者,✓
600,18575,劝阻者,劝阻者,✓
601,18576,网暴者,网暴者,✓
602,18577,跟风者,跟风者,✓
603,18578,无关者,无关者,✓
604,18579,无关者,无关者,✓
605,18580,跟风者,跟风者,✓
606,18581,跟风者,跟风者,✓
607,18582,跟风者,跟风者,✓
608,18583,网暴者,网暴者,✓
609,18584,网暴者,跟风者,✗
610,18585,劝阻者,网暴者,✗
611,18586,网暴者,网暴者,✓
612,18587,无关者,无关者,✓
613,18588,劝阻者,劝阻者,✓
614,18589,跟风者,跟风者,✓
615,18590,网暴者,网暴者,✓
616,18591,无关者,无关者,✓
617,18592,网暴者,网暴者,✓
618,18593,劝阻者,劝阻者,✓
619,18594,跟风者,无关者,✗
620,18595,无关者,无关者,✓
621,18596,劝阻者,劝阻者,✓
622,18597,跟风者,跟风者,✓
623,18598,网暴者,网暴者,✓
624,18599,网暴者,网暴者,✓
625,18600,无关者,无关者,✓
626,18601,无关者,无关者,✓
627,18602,网暴者,网暴者,✓
628,18603,网暴者,网暴者,✓
629,18604,跟风者,跟风者,✓
630,18605,跟风者,跟风者,✓
631,18606,跟风者,跟风者,✓
632,18607,无关者,无关者,✓
633,18608,无关者,无关者,✓
634,18609,无关者,无关者,✓
635,18610,跟风者,跟风者,✓
636,18611,劝阻者,劝阻者,✓
637,18612,无关者,无关者,✓
638,18613,跟风者,跟风者,✓
639,18614,跟风者,跟风者,✓
640,18615,跟风者,跟风者,✓
641,18616,劝阻者,劝阻者,✓
642,18617,无关者,无关者,✓
643,18618,劝阻者,劝阻者,✓
644,18619,跟风者,跟风者,✓
645,18620,劝阻者,劝阻者,✓
646,18621,劝阻者,劝阻者,✓
647,18622,无关者,无关者,✓
648,18623,跟风者,跟风者,✓
649,18624,网暴者,网暴者,✓
650,18625,无关者,无关者,✓
651,18626,无关者,无关者,✓
652,18627,跟风者,跟风者,✓
653,18628,跟风者,无关者,✗
654,18629,跟风者,跟风者,✓
655,18630,劝阻者,劝阻者,✓
656,18631,无关者,无关者,✓
657,18632,劝阻者,劝阻者,✓
658,18633,无关者,无关者,✓
659,18634,网暴者,网暴者,✓
660,18635,跟风者,跟风者,✓
661,18636,无关者,无关者,✓
662,18637,网暴者,网暴者,✓
663,18638,网暴者,网暴者,✓
664,18639,劝阻者,劝阻者,✓
665,18640,网暴者,网暴者,✓
666,18641,跟风者,跟风者,✓
667,18642,劝阻者,劝阻者,✓
668,18643,跟风者,跟风者,✓
669,18644,劝阻者,劝阻者,✓
670,18645,跟风者,跟风者,✓
671,18646,跟风者,跟风者,✓
672,18647,无关者,无关者,✓
673,18648,无关者,无关者,✓
674,18649,劝阻者,劝阻者,✓
675,18650,网暴者,网暴者,✓
676,18651,无关者,无关者,✓
677,18652,跟风者,跟风者,✓
678,18653,无关者,无关者,✓
679,18654,无关者,无关者,✓
680,18655,跟风者,跟风者,✓
681,18656,无关者,无关者,✓
682,18657,网暴者,劝阻者,✗
683,18658,网暴者,网暴者,✓
684,18659,跟风者,跟风者,✓
685,18660,网暴者,网暴者,✓
686,18661,网暴者,网暴者,✓
687,18662,无关者,无关者,✓
688,18663,劝阻者,劝阻者,✓
689,18664,劝阻者,劝阻者,✓
690,18665,跟风者,跟风者,✓
691,18666,跟风者,跟风者,✓
692,18667,无关者,无关者,✓
693,18668,无关者,无关者,✓
694,18669,跟风者,跟风者,✓
695,18670,劝阻者,劝阻者,✓
696,18671,网暴者,网暴者,✓
697,18672,跟风者,跟风者,✓
698,18673,跟风者,跟风者,✓
699,18674,劝阻者,劝阻者,✓
700,18675,劝阻者,劝阻者,✓
701,18676,劝阻者,劝阻者,✓
702,18677,跟风者,跟风者,✓
703,18678,跟风者,跟风者,✓
704,18679,跟风者,跟风者,✓
705,18680,跟风者,跟风者,✓
706,18681,劝阻者,劝阻者,✓
707,18682,跟风者,跟风者,✓
708,18683,无关者,无关者,✓
709,18684,无关者,无关者,✓
710,18685,无关者,无关者,✓
711,18686,网暴者,网暴者,✓
712,18687,网暴者,网暴者,✓
713,18688,网暴者,网暴者,✓
714,18689,跟风者,无关者,✗
715,18690,无关者,无关者,✓
716,18691,劝阻者,劝阻者,✓
717,18692,跟风者,跟风者,✓
718,18693,劝阻者,劝阻者,✓
719,18694,网暴者,网暴者,✓
720,18695,网暴者,网暴者,✓
721,18696,无关者,无关者,✓
722,18697,无关者,无关者,✓
723,18698,网暴者,劝阻者,✗
724,18699,劝阻者,劝阻者,✓
725,18700,劝阻者,劝阻者,✓
726,18701,跟风者,跟风者,✓
727,18702,劝阻者,劝阻者,✓
728,18703,跟风者,跟风者,✓
729,18704,跟风者,跟风者,✓
730,18705,劝阻者,劝阻者,✓
731,18706,无关者,无关者,✓
732,18707,网暴者,网暴者,✓
733,18708,劝阻者,劝阻者,✓
734,18709,劝阻者,劝阻者,✓
735,18710,劝阻者,劝阻者,✓
736,18711,网暴者,网暴者,✓
737,18712,跟风者,跟风者,✓
738,18713,网暴者,网暴者,✓
739,18714,跟风者,跟风者,✓
740,18715,劝阻者,劝阻者,✓
741,18716,劝阻者,网暴者,✗
742,18717,跟风者,跟风者,✓
743,18718,跟风者,跟风者,✓
744,18719,劝阻者,劝阻者,✓
745,18720,劝阻者,劝阻者,✓
746,18721,跟风者,跟风者,✓
747,18722,跟风者,跟风者,✓
748,18723,劝阻者,劝阻者,✓
749,18724,网暴者,无关者,✗
750,18725,跟风者,跟风者,✓
751,18726,无关者,无关者,✓
752,18727,无关者,无关者,✓
753,18728,跟风者,跟风者,✓
754,18729,无关者,无关者,✓
755,18730,跟风者,跟风者,✓
756,18731,无关者,无关者,✓
757,18732,无关者,无关者,✓
758,18733,劝阻者,劝阻者,✓
759,18734,跟风者,跟风者,✓
760,18735,劝阻者,劝阻者,✓
761,18736,跟风者,跟风者,✓
762,18737,劝阻者,劝阻者,✓
763,18738,网暴者,网暴者,✓
764,18739,无关者,无关者,✓
765,18740,劝阻者,劝阻者,✓
766,18741,无关者,无关者,✓
767,18742,无关者,无关者,✓
768,18743,跟风者,跟风者,✓
769,18744,跟风者,跟风者,✓
770,18745,无关者,无关者,✓
771,18746,跟风者,跟风者,✓
772,18747,跟风者,跟风者,✓
773,18748,劝阻者,劝阻者,✓
774,18749,跟风者,跟风者,✓
775,18750,无关者,无关者,✓
776,18751,无关者,无关者,✓
777,18752,跟风者,跟风者,✓
778,18753,劝阻者,劝阻者,✓
779,18754,劝阻者,跟风者,✗
780,18755,无关者,无关者,✓
781,18756,劝阻者,劝阻者,✓
782,18757,劝阻者,劝阻者,✓
783,18758,劝阻者,劝阻者,✓
784,18759,无关者,无关者,✓
785,18760,劝阻者,劝阻者,✓
786,18761,跟风者,无关者,✗
787,18762,跟风者,跟风者,✓
788,18763,无关者,无关者,✓
789,18764,无关者,无关者,✓
790,18765,网暴者,网暴者,✓
791,18766,劝阻者,劝阻者,✓
792,18767,无关者,无关者,✓
793,18768,网暴者,网暴者,✓
794,18769,跟风者,跟风者,✓
795,18770,跟风者,跟风者,✓
796,18771,跟风者,跟风者,✓
797,18772,劝阻者,劝阻者,✓
798,18773,无关者,无关者,✓
799,18774,无关者,无关者,✓
800,18775,无关者,无关者,✓
801,18776,劝阻者,劝阻者,✓
802,18777,跟风者,跟风者,✓
803,18778,跟风者,跟风者,✓
804,18779,跟风者,跟风者,✓
805,18780,网暴者,网暴者,✓
806,18781,劝阻者,跟风者,✗
807,18782,无关者,无关者,✓
808,18783,跟风者,跟风者,✓
809,18784,劝阻者,劝阻者,✓
810,18785,网暴者,网暴者,✓
811,18786,跟风者,跟风者,✓
812,18787,劝阻者,劝阻者,✓
813,18788,网暴者,劝阻者,✗
814,18789,无关者,无关者,✓
815,18790,无关者,无关者,✓
816,18791,劝阻者,劝阻者,✓
817,18792,无关者,无关者,✓
818,18793,劝阻者,劝阻者,✓
819,18794,劝阻者,网暴者,✗
820,18795,劝阻者,劝阻者,✓
821,18796,劝阻者,劝阻者,✓
822,18797,无关者,无关者,✓
823,18798,网暴者,网暴者,✓
824,18799,跟风者,跟风者,✓
825,18800,网暴者,网暴者,✓
826,18801,劝阻者,劝阻者,✓
827,18802,劝阻者,网暴者,✗
828,18803,劝阻者,劝阻者,✓
829,18804,无关者,无关者,✓
830,18805,跟风者,跟风者,✓
831,18806,跟风者,跟风者,✓
832,18807,跟风者,无关者,✗
833,18808,劝阻者,劝阻者,✓
834,18809,劝阻者,劝阻者,✓
835,18810,跟风者,无关者,✗
836,18811,劝阻者,劝阻者,✓
837,18812,无关者,无关者,✓
838,18813,劝阻者,劝阻者,✓
839,18814,劝阻者,劝阻者,✓
840,18815,劝阻者,劝阻者,✓
841,18816,劝阻者,劝阻者,✓
842,18817,劝阻者,劝阻者,✓
843,18818,无关者,无关者,✓
844,18819,无关者,无关者,✓
845,18820,跟风者,跟风者,✓
846,18821,网暴者,网暴者,✓
847,18822,网暴者,劝阻者,✗
848,18823,网暴者,网暴者,✓
849,18824,无关者,劝阻者,✗
850,18825,跟风者,跟风者,✓
851,18826,跟风者,跟风者,✓
852,18827,跟风者,跟风者,✓
853,18828,跟风者,跟风者,✓
854,18829,网暴者,网暴者,✓
855,18830,劝阻者,劝阻者,✓
856,18831,劝阻者,劝阻者,✓
857,18832,劝阻者,劝阻者,✓
858,18833,跟风者,跟风者,✓
859,18834,劝阻者,劝阻者,✓
860,18835,跟风者,跟风者,✓
861,18836,劝阻者,劝阻者,✓
862,18837,劝阻者,劝阻者,✓
863,18838,劝阻者,劝阻者,✓
864,18839,无关者,无关者,✓
865,18840,网暴者,网暴者,✓
866,18841,跟风者,跟风者,✓
867,18842,跟风者,跟风者,✓
868,18843,无关者,无关者,✓
869,18844,跟风者,跟风者,✓
870,18845,劝阻者,劝阻者,✓
871,18846,跟风者,跟风者,✓
872,18847,劝阻者,劝阻者,✓
873,18848,跟风者,跟风者,✓
874,18849,劝阻者,劝阻者,✓
875,18850,跟风者,跟风者,✓
876,18851,跟风者,跟风者,✓
877,18852,跟风者,跟风者,✓
878,18853,跟风者,跟风者,✓
879,18854,劝阻者,网暴者,✗
880,18855,劝阻者,劝阻者,✓
881,18856,跟风者,跟风者,✓
882,18857,无关者,无关者,✓
883,18858,跟风者,跟风者,✓
884,18859,跟风者,跟风者,✓
885,18860,无关者,无关者,✓
886,18861,跟风者,跟风者,✓
887,18862,无关者,无关者,✓
888,18863,劝阻者,劝阻者,✓
889,18864,无关者,无关者,✓
890,18865,跟风者,劝阻者,✗
891,18866,劝阻者,跟风者,✗
892,18867,劝阻者,劝阻者,✓
893,18868,劝阻者,劝阻者,✓
894,18869,网暴者,网暴者,✓
895,18870,劝阻者,劝阻者,✓
896,18871,劝阻者,劝阻者,✓
897,18872,跟风者,跟风者,✓
898,18873,网暴者,网暴者,✓
899,18874,无关者,无关者,✓
900,18875,劝阻者,劝阻者,✓
901,18876,劝阻者,劝阻者,✓
902,18877,跟风者,跟风者,✓
903,18878,无关者,无关者,✓
904,18879,网暴者,网暴者,✓
905,18880,无关者,无关者,✓
906,18881,劝阻者,劝阻者,✓
907,18882,无关者,无关者,✓
908,18883,劝阻者,劝阻者,✓
909,18884,劝阻者,劝阻者,✓
910,18885,无关者,无关者,✓
911,18886,跟风者,跟风者,✓
912,18887,跟风者,跟风者,✓
913,18888,无关者,无关者,✓
914,18889,网暴者,网暴者,✓
915,18890,劝阻者,劝阻者,✓
916,18891,跟风者,无关者,✗
917,18892,劝阻者,劝阻者,✓
918,18893,无关者,无关者,✓
919,18894,网暴者,网暴者,✓
920,18895,无关者,无关者,✓
921,18896,网暴者,网暴者,✓
922,18897,劝阻者,劝阻者,✓
923,18898,网暴者,网暴者,✓
924,18899,劝阻者,劝阻者,✓
925,18900,跟风者,跟风者,✓
926,18901,劝阻者,劝阻者,✓
927,18902,无关者,无关者,✓
928,18903,跟风者,跟风者,✓
929,18904,无关者,无关者,✓
930,18905,无关者,无关者,✓
931,18906,跟风者,跟风者,✓
932,18907,劝阻者,劝阻者,✓
933,18908,无关者,无关者,✓
934,18909,无关者,无关者,✓
935,18910,无关者,无关者,✓
936,18911,网暴者,网暴者,✓
937,18912,无关者,无关者,✓
938,18913,跟风者,跟风者,✓
939,18914,网暴者,劝阻者,✗
940,18915,劝阻者,劝阻者,✓
941,18916,跟风者,跟风者,✓
942,18917,劝阻者,劝阻者,✓
943,18918,网暴者,网暴者,✓
944,18919,无关者,无关者,✓
945,18920,网暴者,网暴者,✓
946,18921,无关者,无关者,✓
947,18922,劝阻者,劝阻者,✓
948,18923,网暴者,网暴者,✓
949,18924,劝阻者,劝阻者,✓
950,18925,劝阻者,劝阻者,✓
951,18926,劝阻者,劝阻者,✓
952,18927,劝阻者,劝阻者,✓
953,18928,网暴者,网暴者,✓
954,18929,劝阻者,劝阻者,✓
955,18930,网暴者,网暴者,✓
956,18931,跟风者,跟风者,✓
957,18932,跟风者,跟风者,✓
958,18933,无关者,无关者,✓
959,18934,跟风者,跟风者,✓
960,18935,跟风者,跟风者,✓
961,18936,网暴者,网暴者,✓
962,18937,跟风者,跟风者,✓
963,18938,无关者,无关者,✓
964,18939,跟风者,跟风者,✓
965,18940,劝阻者,劝阻者,✓
966,18941,无关者,无关者,✓
967,18942,无关者,无关者,✓
968,18943,跟风者,跟风者,✓
969,18944,无关者,无关者,✓
970,18945,无关者,无关者,✓
971,18946,劝阻者,劝阻者,✓
972,18947,劝阻者,劝阻者,✓
973,18948,劝阻者,劝阻者,✓
974,18949,跟风者,跟风者,✓
975,18950,跟风者,跟风者,✓
976,18951,跟风者,跟风者,✓
977,18952,网暴者,网暴者,✓
978,18953,跟风者,跟风者,✓
979,18954,劝阻者,劝阻者,✓
980,18955,劝阻者,劝阻者,✓
981,18956,无关者,无关者,✓
982,18957,跟风者,跟风者,✓
983,18958,劝阻者,劝阻者,✓
984,18959,劝阻者,劝阻者,✓
985,18960,网暴者,网暴者,✓
986,18961,无关者,无关者,✓
987,18962,劝阻者,劝阻者,✓
988,18963,跟风者,跟风者,✓
989,18964,跟风者,跟风者,✓
990,18965,跟风者,无关者,✗
991,18966,跟风者,跟风者,✓
992,18967,网暴者,网暴者,✓
993,18968,劝阻者,劝阻者,✓
994,18969,网暴者,网暴者,✓
995,18970,跟风者,跟风者,✓
996,18971,跟风者,跟风者,✓
997,18972,跟风者,跟风者,✓
998,18973,网暴者,网暴者,✓
999,18974,跟风者,跟风者,✓
1000,18975,劝阻者,劝阻者,✓
1001,18976,无关者,无关者,✓
1002,18977,无关者,无关者,✓
1003,18978,无关者,无关者,✓
1004,18979,跟风者,跟风者,✓
1005,18980,劝阻者,劝阻者,✓
1006,18981,劝阻者,网暴者,✗
1007,18982,跟风者,跟风者,✓
1008,18983,劝阻者,劝阻者,✓
1009,18984,劝阻者,劝阻者,✓
1010,18985,劝阻者,劝阻者,✓
1011,18986,劝阻者,劝阻者,✓
1012,18987,无关者,无关者,✓
1013,18988,网暴者,网暴者,✓
1014,18989,无关者,无关者,✓
1015,18990,网暴者,网暴者,✓
1016,18991,无关者,无关者,✓
1017,18992,无关者,无关者,✓
1018,18993,无关者,无关者,✓
1019,18994,跟风者,跟风者,✓
1020,18995,跟风者,跟风者,✓
1021,18996,无关者,无关者,✓
1022,18997,跟风者,跟风者,✓
1023,18998,跟风者,跟风者,✓
1024,18999,劝阻者,劝阻者,✓
1025,19000,跟风者,跟风者,✓
1026,19001,跟风者,跟风者,✓
1027,19002,网暴者,网暴者,✓
1028,19003,无关者,无关者,✓
1029,19004,劝阻者,劝阻者,✓
1030,19005,跟风者,跟风者,✓
1031,19006,劝阻者,劝阻者,✓
1032,19007,劝阻者,劝阻者,✓
1033,19008,跟风者,跟风者,✓
1034,19009,网暴者,无关者,✗
1035,19010,跟风者,跟风者,✓
1036,19011,无关者,无关者,✓
1037,19012,无关者,无关者,✓
1038,19013,劝阻者,劝阻者,✓
1039,19014,劝阻者,劝阻者,✓
1040,19015,无关者,无关者,✓
1041,19016,跟风者,跟风者,✓
1042,19017,网暴者,网暴者,✓
1043,19018,劝阻者,劝阻者,✓
1044,19019,无关者,无关者,✓
1045,19020,网暴者,网暴者,✓
1046,19021,劝阻者,劝阻者,✓
1047,19022,网暴者,网暴者,✓
1048,19023,跟风者,跟风者,✓
1049,19024,劝阻者,劝阻者,✓
1050,19025,无关者,无关者,✓
1051,19026,网暴者,网暴者,✓
1052,19027,跟风者,跟风者,✓
1053,19028,无关者,无关者,✓
1054,19029,无关者,无关者,✓
1055,19030,跟风者,跟风者,✓
1056,19031,网暴者,网暴者,✓
1057,19032,劝阻者,劝阻者,✓
1058,19033,无关者,无关者,✓
1059,19034,跟风者,跟风者,✓
1060,19035,跟风者,跟风者,✓
1061,19036,劝阻者,劝阻者,✓
1062,19037,无关者,无关者,✓
1063,19038,网暴者,网暴者,✓
1064,19039,劝阻者,网暴者,✗
1065,19040,网暴者,网暴者,✓
1066,19041,无关者,跟风者,✗
1067,19042,跟风者,跟风者,✓
1068,19043,劝阻者,劝阻者,✓
1069,19044,跟风者,跟风者,✓
1070,19045,跟风者,跟风者,✓
1071,19046,劝阻者,劝阻者,✓
1072,19047,无关者,无关者,✓
1073,19048,劝阻者,劝阻者,✓
1074,19049,无关者,无关者,✓
1075,19050,无关者,无关者,✓
1076,19051,跟风者,跟风者,✓
1077,19052,无关者,无关者,✓
1078,19053,无关者,无关者,✓
1079,19054,跟风者,跟风者,✓
1080,19055,跟风者,跟风者,✓
1081,19056,劝阻者,劝阻者,✓
1082,19057,跟风者,跟风者,✓
1083,19058,劝阻者,劝阻者,✓
1084,19059,劝阻者,劝阻者,✓
1085,19060,网暴者,网暴者,✓
1086,19061,网暴者,劝阻者,✗
1087,19062,劝阻者,劝阻者,✓
1088,19063,跟风者,跟风者,✓
1089,19064,网暴者,网暴者,✓
1090,19065,跟风者,跟风者,✓
1091,19066,劝阻者,劝阻者,✓
1092,19067,无关者,无关者,✓
1093,19068,劝阻者,劝阻者,✓
1094,19069,跟风者,跟风者,✓
1095,19070,跟风者,跟风者,✓
1096,19071,跟风者,无关者,✗
1097,19072,跟风者,跟风者,✓
1098,19073,网暴者,网暴者,✓
1099,19074,无关者,无关者,✓
1100,19075,劝阻者,劝阻者,✓
1101,19076,劝阻者,劝阻者,✓
1102,19077,跟风者,跟风者,✓
1103,19078,劝阻者,劝阻者,✓
1104,19079,劝阻者,劝阻者,✓
1105,19080,无关者,无关者,✓
1106,19081,网暴者,网暴者,✓
1107,19082,劝阻者,跟风者,✗
1108,19083,无关者,跟风者,✗
1109,19084,劝阻者,劝阻者,✓
1110,19085,无关者,无关者,✓
1111,19086,跟风者,跟风者,✓
1112,19087,劝阻者,劝阻者,✓
1113,19088,劝阻者,劝阻者,✓
1114,19089,网暴者,网暴者,✓
1115,19090,无关者,无关者,✓
1116,19091,无关者,无关者,✓
1117,19092,无关者,网暴者,✗
1118,19093,跟风者,跟风者,✓
1119,19094,劝阻者,劝阻者,✓
1120,19095,劝阻者,劝阻者,✓
1121,19096,无关者,无关者,✓
1122,19097,劝阻者,劝阻者,✓
1123,19098,无关者,无关者,✓
1124,19099,跟风者,跟风者,✓
1125,19100,跟风者,跟风者,✓
1126,19101,跟风者,跟风者,✓
1127,19102,劝阻者,劝阻者,✓
1128,19103,跟风者,跟风者,✓
1129,19104,网暴者,网暴者,✓
1130,19105,无关者,无关者,✓
1131,19106,劝阻者,劝阻者,✓
1132,19107,劝阻者,网暴者,✗
1133,19108,劝阻者,劝阻者,✓
1134,19109,跟风者,跟风者,✓
1135,19110,网暴者,网暴者,✓
1136,19111,跟风者,跟风者,✓
1137,19112,劝阻者,劝阻者,✓
1138,19113,网暴者,网暴者,✓
1139,19114,跟风者,无关者,✗
1140,19115,跟风者,跟风者,✓
1141,19116,网暴者,网暴者,✓
1142,19117,无关者,无关者,✓
1143,19118,跟风者,跟风者,✓
1144,19119,无关者,无关者,✓
1145,19120,劝阻者,劝阻者,✓
1146,19121,跟风者,跟风者,✓
1147,19122,劝阻者,劝阻者,✓
1148,19123,网暴者,网暴者,✓
1149,19124,跟风者,跟风者,✓
1150,19125,劝阻者,劝阻者,✓
1151,19126,无关者,无关者,✓
1152,19127,网暴者,网暴者,✓
1153,19128,跟风者,跟风者,✓
1154,19129,劝阻者,劝阻者,✓
1155,19130,无关者,无关者,✓
1156,19131,劝阻者,劝阻者,✓
1157,19132,无关者,无关者,✓
1158,19133,无关者,无关者,✓
1159,19134,跟风者,无关者,✗
1160,19135,跟风者,跟风者,✓
1161,19136,劝阻者,劝阻者,✓
1162,19137,跟风者,跟风者,✓
1163,19138,无关者,无关者,✓
1164,19139,跟风者,无关者,✗
1165,19140,跟风者,跟风者,✓
1166,19141,无关者,无关者,✓
1167,19142,无关者,无关者,✓
1168,19143,劝阻者,劝阻者,✓
1169,19144,跟风者,跟风者,✓
1170,19145,劝阻者,劝阻者,✓
1171,19146,跟风者,跟风者,✓
1172,19147,无关者,无关者,✓
1173,19148,劝阻者,劝阻者,✓
1174,19149,劝阻者,劝阻者,✓
1175,19150,劝阻者,劝阻者,✓
1176,19151,无关者,跟风者,✗
1177,19152,劝阻者,劝阻者,✓
1178,19153,劝阻者,劝阻者,✓
1179,19154,劝阻者,劝阻者,✓
1180,19155,劝阻者,劝阻者,✓
1181,19156,网暴者,网暴者,✓
1182,19157,劝阻者,劝阻者,✓
1183,19158,劝阻者,劝阻者,✓
1184,19159,跟风者,跟风者,✓
1185,19160,跟风者,跟风者,✓
1186,19161,网暴者,网暴者,✓
1187,19162,网暴者,网暴者,✓
1188,19163,无关者,跟风者,✗
1189,19164,跟风者,跟风者,✓
1190,19165,无关者,无关者,✓
1191,19166,跟风者,跟风者,✓
1192,19167,跟风者,跟风者,✓
1193,19168,劝阻者,劝阻者,✓
1194,19169,跟风者,跟风者,✓
1195,19170,无关者,无关者,✓
1196,19171,无关者,无关者,✓
1197,19172,劝阻者,劝阻者,✓
1198,19173,跟风者,跟风者,✓
1199,19174,劝阻者,劝阻者,✓
1200,19175,无关者,无关者,✓
1201,19176,无关者,无关者,✓
1202,19177,跟风者,跟风者,✓
1203,19178,劝阻者,劝阻者,✓
1204,19179,劝阻者,劝阻者,✓
1205,19180,网暴者,网暴者,✓
1206,19181,劝阻者,劝阻者,✓
1207,19182,无关者,无关者,✓
1208,19183,劝阻者,劝阻者,✓
1209,19184,无关者,跟风者,✗
1210,19185,无关者,无关者,✓
1211,19186,劝阻者,劝阻者,✓
1212,19187,劝阻者,网暴者,✗
1213,19188,无关者,无关者,✓
1214,19189,网暴者,网暴者,✓
1215,19190,网暴者,网暴者,✓
1216,19191,跟风者,跟风者,✓
1217,19192,网暴者,网暴者,✓
1218,19193,跟风者,跟风者,✓
1219,19194,无关者,无关者,✓
1220,19195,劝阻者,劝阻者,✓
1221,19196,劝阻者,劝阻者,✓
1222,19197,无关者,无关者,✓
1223,19198,无关者,无关者,✓
1224,19199,劝阻者,劝阻者,✓
1225,19200,跟风者,跟风者,✓
1226,19201,劝阻者,无关者,✗
1227,19202,无关者,无关者,✓
1228,19203,无关者,无关者,✓
1229,19204,无关者,无关者,✓
1230,19205,跟风者,跟风者,✓
1231,19206,无关者,无关者,✓
1232,19207,无关者,无关者,✓
1233,19208,劝阻者,劝阻者,✓
1234,19209,跟风者,跟风者,✓
1235,19210,劝阻者,劝阻者,✓
1236,19211,劝阻者,劝阻者,✓
1237,19212,劝阻者,劝阻者,✓
1238,19213,无关者,无关者,✓
1239,19214,无关者,无关者,✓
1240,19215,跟风者,跟风者,✓
1241,19216,劝阻者,劝阻者,✓
1242,19217,劝阻者,劝阻者,✓
1243,19218,劝阻者,劝阻者,✓
1244,19219,跟风者,跟风者,✓
1245,19220,无关者,无关者,✓
1246,19221,无关者,无关者,✓
1247,19222,跟风者,跟风者,✓
1248,19223,无关者,无关者,✓
1249,19224,劝阻者,劝阻者,✓
1250,19225,跟风者,跟风者,✓
1251,19226,跟风者,跟风者,✓
1252,19227,跟风者,跟风者,✓
1253,19228,劝阻者,劝阻者,✓
1254,19229,网暴者,网暴者,✓
1255,19230,劝阻者,劝阻者,✓
1256,19231,跟风者,跟风者,✓
1257,19232,跟风者,跟风者,✓
1258,19233,跟风者,跟风者,✓
1259,19234,劝阻者,劝阻者,✓
1260,19235,劝阻者,劝阻者,✓
1261,19236,劝阻者,劝阻者,✓
1262,19237,网暴者,网暴者,✓
1263,19238,网暴者,网暴者,✓
1264,19239,劝阻者,劝阻者,✓
1265,19240,跟风者,跟风者,✓
1266,19241,跟风者,跟风者,✓
1267,19242,无关者,无关者,✓
1268,19243,劝阻者,劝阻者,✓
1269,19244,跟风者,跟风者,✓
1270,19245,无关者,无关者,✓
1271,19246,跟风者,跟风者,✓
1272,19247,跟风者,跟风者,✓
1273,19248,劝阻者,劝阻者,✓
1274,19249,网暴者,网暴者,✓
1275,19250,劝阻者,劝阻者,✓
1276,19251,无关者,无关者,✓
1277,19252,跟风者,跟风者,✓
1278,19253,劝阻者,劝阻者,✓
1279,19254,无关者,无关者,✓
1280,19255,网暴者,网暴者,✓
1281,19256,网暴者,网暴者,✓
1282,19257,无关者,跟风者,✗
1283,19258,无关者,跟风者,✗
1284,19259,跟风者,跟风者,✓
1285,19260,劝阻者,劝阻者,✓
1286,19261,网暴者,网暴者,✓
1287,19262,劝阻者,劝阻者,✓
1288,19263,无关者,无关者,✓
1289,19264,网暴者,网暴者,✓
1290,19265,无关者,无关者,✓
1291,19266,劝阻者,劝阻者,✓
1292,19267,劝阻者,网暴者,✗
1293,19268,网暴者,网暴者,✓
1294,19269,劝阻者,劝阻者,✓
1295,19270,劝阻者,劝阻者,✓
1296,19271,跟风者,跟风者,✓
1297,19272,跟风者,跟风者,✓
1298,19273,无关者,无关者,✓
1299,19274,网暴者,网暴者,✓
1300,19275,跟风者,跟风者,✓
1301,19276,劝阻者,劝阻者,✓
1302,19277,无关者,无关者,✓
1303,19278,劝阻者,劝阻者,✓
1304,19279,无关者,无关者,✓
1305,19280,跟风者,跟风者,✓
1306,19281,跟风者,跟风者,✓
1307,19282,无关者,无关者,✓
1308,19283,网暴者,网暴者,✓
1309,19284,无关者,无关者,✓
1310,19285,无关者,无关者,✓
1311,19286,劝阻者,劝阻者,✓
1312,19287,劝阻者,劝阻者,✓
1313,19288,劝阻者,劝阻者,✓
1314,19289,跟风者,跟风者,✓
1315,19290,网暴者,劝阻者,✗
1316,19291,劝阻者,劝阻者,✓
1317,19292,跟风者,跟风者,✓
1318,19293,劝阻者,劝阻者,✓
1319,19294,劝阻者,劝阻者,✓
1320,19295,劝阻者,劝阻者,✓
1321,19296,劝阻者,劝阻者,✓
1322,19297,劝阻者,劝阻者,✓
1323,19298,劝阻者,劝阻者,✓
1324,19299,劝阻者,劝阻者,✓
1325,19300,劝阻者,劝阻者,✓
1326,19301,网暴者,劝阻者,✗
1327,19302,无关者,无关者,✓
1328,19303,跟风者,跟风者,✓
1329,19304,劝阻者,劝阻者,✓
1330,19305,跟风者,跟风者,✓
1331,19306,无关者,无关者,✓
1332,19307,跟风者,跟风者,✓
1333,19308,跟风者,跟风者,✓
1334,19309,无关者,无关者,✓
1335,19310,跟风者,跟风者,✓
1336,19311,劝阻者,劝阻者,✓
1337,19312,网暴者,无关者,✗
1338,19313,网暴者,网暴者,✓
1339,19314,无关者,无关者,✓
1340,19315,跟风者,跟风者,✓
1341,19316,跟风者,跟风者,✓
1342,19317,无关者,无关者,✓
1343,19318,网暴者,网暴者,✓
1344,19319,跟风者,跟风者,✓
1345,19320,劝阻者,劝阻者,✓
1346,19321,网暴者,跟风者,✗
1347,19322,无关者,无关者,✓
1348,19323,网暴者,网暴者,✓
1349,19324,无关者,无关者,✓
1350,19325,劝阻者,劝阻者,✓
1351,19326,劝阻者,劝阻者,✓
1352,19327,劝阻者,劝阻者,✓
1353,19328,跟风者,跟风者,✓
1354,19329,无关者,无关者,✓
1355,19330,无关者,无关者,✓
1356,19331,跟风者,跟风者,✓
1357,19332,劝阻者,劝阻者,✓
1358,19333,跟风者,跟风者,✓
1359,19334,跟风者,跟风者,✓
1360,19335,跟风者,跟风者,✓
1361,19336,无关者,无关者,✓
1362,19337,劝阻者,劝阻者,✓
1363,19338,无关者,无关者,✓
1364,19339,劝阻者,劝阻者,✓
1365,19340,跟风者,跟风者,✓
1366,19341,网暴者,网暴者,✓
1367,19342,劝阻者,劝阻者,✓
1368,19343,网暴者,网暴者,✓
1369,19344,无关者,无关者,✓
1370,19345,网暴者,网暴者,✓
1371,19346,劝阻者,劝阻者,✓
1372,19347,跟风者,跟风者,✓
1373,19348,劝阻者,劝阻者,✓
1374,19349,网暴者,网暴者,✓
1375,19350,跟风者,跟风者,✓
1376,19351,跟风者,跟风者,✓
1377,19352,劝阻者,劝阻者,✓
1378,19353,劝阻者,劝阻者,✓
1379,19354,跟风者,跟风者,✓
1380,19355,劝阻者,劝阻者,✓
1381,19356,跟风者,跟风者,✓
1382,19357,网暴者,跟风者,✗
1383,19358,劝阻者,劝阻者,✓
1384,19359,网暴者,网暴者,✓
1385,19360,劝阻者,劝阻者,✓
1386,19361,跟风者,跟风者,✓
1387,19362,劝阻者,网暴者,✗
1388,19363,劝阻者,劝阻者,✓
1389,19364,网暴者,网暴者,✓
1390,19365,无关者,无关者,✓
1391,19366,劝阻者,网暴者,✗
1392,19367,劝阻者,劝阻者,✓
1393,19368,无关者,无关者,✓
1394,19369,网暴者,劝阻者,✗
1395,19370,无关者,无关者,✓
1396,19371,劝阻者,劝阻者,✓
1397,19372,无关者,无关者,✓
1398,19373,无关者,无关者,✓
1399,19374,跟风者,跟风者,✓
1400,19375,劝阻者,劝阻者,✓
1401,19376,网暴者,跟风者,✗
1402,19377,劝阻者,跟风者,✗
1403,19378,劝阻者,劝阻者,✓
1404,19379,无关者,无关者,✓
1405,19380,跟风者,跟风者,✓
1406,19381,劝阻者,劝阻者,✓
1407,19382,网暴者,网暴者,✓
1408,19383,跟风者,跟风者,✓
1409,19384,跟风者,跟风者,✓
1410,19385,无关者,无关者,✓
1411,19386,无关者,无关者,✓
1412,19387,跟风者,跟风者,✓
1413,19388,跟风者,跟风者,✓
1414,19389,无关者,劝阻者,✗
1415,19390,劝阻者,劝阻者,✓
1416,19391,无关者,无关者,✓
1417,19392,网暴者,网暴者,✓
1418,19393,劝阻者,劝阻者,✓
1419,19394,劝阻者,劝阻者,✓
1420,19395,劝阻者,劝阻者,✓
1421,19396,劝阻者,劝阻者,✓
1422,19397,劝阻者,劝阻者,✓
1423,19398,劝阻者,劝阻者,✓
1424,19399,劝阻者,劝阻者,✓
1425,19400,网暴者,网暴者,✓
1426,19401,劝阻者,劝阻者,✓
1427,19402,跟风者,无关者,✗
1428,19403,跟风者,跟风者,✓
1429,19404,无关者,跟风者,✗
1430,19405,网暴者,网暴者,✓
1431,19406,跟风者,跟风者,✓
1432,19407,无关者,无关者,✓
1433,19408,跟风者,跟风者,✓
1434,19409,无关者,无关者,✓
1435,19410,网暴者,网暴者,✓
1436,19411,劝阻者,劝阻者,✓
1437,19412,跟风者,跟风者,✓
1438,19413,劝阻者,劝阻者,✓
1439,19414,劝阻者,跟风者,✗
1440,19415,跟风者,跟风者,✓
1441,19416,无关者,无关者,✓
1442,19417,劝阻者,劝阻者,✓
1443,19418,跟风者,跟风者,✓
1444,19419,劝阻者,劝阻者,✓
1445,19420,网暴者,网暴者,✓
1446,19421,劝阻者,劝阻者,✓
1447,19422,跟风者,跟风者,✓
1448,19423,劝阻者,劝阻者,✓
1449,19424,网暴者,网暴者,✓
1450,19425,无关者,无关者,✓
1451,19426,跟风者,跟风者,✓
1452,19427,无关者,无关者,✓
1453,19428,劝阻者,劝阻者,✓
1454,19429,劝阻者,劝阻者,✓
1455,19430,劝阻者,劝阻者,✓
1456,19431,无关者,无关者,✓
1457,19432,跟风者,跟风者,✓
1458,19433,无关者,无关者,✓
1459,19434,劝阻者,劝阻者,✓
1460,19435,劝阻者,劝阻者,✓
1461,19436,跟风者,跟风者,✓
1462,19437,跟风者,劝阻者,✗
1463,19438,跟风者,跟风者,✓
1464,19439,劝阻者,劝阻者,✓
1465,19440,无关者,无关者,✓
1466,19441,无关者,无关者,✓
1467,19442,无关者,无关者,✓
1468,19443,跟风者,跟风者,✓
1469,19444,劝阻者,劝阻者,✓
1470,19445,网暴者,网暴者,✓
1471,19446,劝阻者,劝阻者,✓
1472,19447,劝阻者,劝阻者,✓
1473,19448,跟风者,跟风者,✓
1474,19449,无关者,跟风者,✗
1475,19450,无关者,无关者,✓
1476,19451,跟风者,跟风者,✓
1477,19452,劝阻者,劝阻者,✓
1478,19453,劝阻者,劝阻者,✓
1479,19454,无关者,无关者,✓
1480,19455,跟风者,跟风者,✓
1481,19456,网暴者,网暴者,✓
1482,19457,无关者,无关者,✓
1483,19458,跟风者,跟风者,✓
1484,19459,无关者,无关者,✓
1485,19460,无关者,无关者,✓
1486,19461,网暴者,网暴者,✓
1487,19462,跟风者,跟风者,✓
1488,19463,劝阻者,劝阻者,✓
1489,19464,无关者,跟风者,✗
1490,19465,劝阻者,劝阻者,✓
1491,19466,跟风者,跟风者,✓
1492,19467,跟风者,跟风者,✓
1493,19468,劝阻者,劝阻者,✓
1494,19469,劝阻者,劝阻者,✓
1495,19470,跟风者,无关者,✗
1496,19471,劝阻者,劝阻者,✓
1497,19472,劝阻者,网暴者,✗
1498,19473,无关者,无关者,✓
1499,19474,跟风者,跟风者,✓
1500,19475,网暴者,网暴者,✓
1501,19476,跟风者,跟风者,✓
1502,19477,跟风者,跟风者,✓
1503,19478,劝阻者,劝阻者,✓
1504,19479,劝阻者,劝阻者,✓
1505,19480,网暴者,网暴者,✓
1506,19481,无关者,无关者,✓
1507,19482,无关者,无关者,✓
1508,19483,跟风者,跟风者,✓
1509,19484,无关者,无关者,✓
1510,19485,无关者,无关者,✓
1511,19486,跟风者,跟风者,✓
1512,19487,无关者,无关者,✓
1513,19488,劝阻者,劝阻者,✓
1514,19489,无关者,无关者,✓
1515,19490,劝阻者,劝阻者,✓
1516,19491,跟风者,跟风者,✓
1517,19492,跟风者,跟风者,✓
1518,19493,跟风者,跟风者,✓
1519,19494,无关者,无关者,✓
1520,19495,网暴者,网暴者,✓
1521,19496,跟风者,跟风者,✓
1522,19497,劝阻者,劝阻者,✓
1523,19498,无关者,无关者,✓
1524,19499,跟风者,跟风者,✓
1525,19500,跟风者,跟风者,✓
1526,19501,跟风者,跟风者,✓
1527,19502,劝阻者,劝阻者,✓
1528,19503,跟风者,跟风者,✓
1529,19504,网暴者,网暴者,✓
1530,19505,无关者,无关者,✓
1531,19506,劝阻者,劝阻者,✓
1532,19507,跟风者,跟风者,✓
1533,19508,劝阻者,劝阻者,✓
1534,19509,无关者,无关者,✓
1535,19510,跟风者,跟风者,✓
1536,19511,跟风者,跟风者,✓
1537,19512,无关者,无关者,✓
1538,19513,跟风者,跟风者,✓
1539,19514,无关者,无关者,✓
1540,19515,跟风者,跟风者,✓
1541,19516,劝阻者,网暴者,✗
1542,19517,网暴者,网暴者,✓
1543,19518,劝阻者,劝阻者,✓
1544,19519,劝阻者,劝阻者,✓
1545,19520,网暴者,跟风者,✗
1546,19521,劝阻者,劝阻者,✓
1547,19522,跟风者,跟风者,✓
1548,19523,劝阻者,劝阻者,✓
1549,19524,劝阻者,劝阻者,✓
1550,19525,网暴者,网暴者,✓
1551,19526,跟风者,跟风者,✓
1552,19527,无关者,无关者,✓
1553,19528,劝阻者,劝阻者,✓
1554,19529,无关者,无关者,✓
1555,19530,跟风者,跟风者,✓
1556,19531,网暴者,网暴者,✓
1557,19532,劝阻者,劝阻者,✓
1558,19533,无关者,无关者,✓
1559,19534,网暴者,劝阻者,✗
1560,19535,劝阻者,劝阻者,✓
1561,19536,跟风者,跟风者,✓
1562,19537,无关者,无关者,✓
1563,19538,网暴者,网暴者,✓
1564,19539,无关者,无关者,✓
1565,19540,跟风者,跟风者,✓
1566,19541,劝阻者,网暴者,✗
1567,19542,无关者,无关者,✓
1568,19543,跟风者,跟风者,✓
1569,19544,网暴者,网暴者,✓
1570,19545,跟风者,跟风者,✓
1571,19546,劝阻者,劝阻者,✓
1572,19547,无关者,无关者,✓
1573,19548,网暴者,网暴者,✓
1574,19549,跟风者,跟风者,✓
1575,19550,网暴者,网暴者,✓
1576,19551,跟风者,跟风者,✓
1577,19552,跟风者,跟风者,✓
1578,19553,跟风者,跟风者,✓
1579,19554,跟风者,跟风者,✓
1580,19555,跟风者,跟风者,✓
1581,19556,劝阻者,劝阻者,✓
1582,19557,劝阻者,劝阻者,✓
1583,19558,无关者,无关者,✓
1584,19559,无关者,无关者,✓
1585,19560,无关者,无关者,✓
1586,19561,网暴者,网暴者,✓
1587,19562,跟风者,跟风者,✓
1588,19563,劝阻者,劝阻者,✓
1589,19564,无关者,无关者,✓
1590,19565,网暴者,网暴者,✓
1591,19566,网暴者,网暴者,✓
1592,19567,无关者,无关者,✓
1593,19568,网暴者,网暴者,✓
1594,19569,无关者,无关者,✓
1595,19570,网暴者,劝阻者,✗
1596,19571,劝阻者,劝阻者,✓
1597,19572,无关者,无关者,✓
1598,19573,跟风者,跟风者,✓
1599,19574,跟风者,跟风者,✓
1600,19575,跟风者,跟风者,✓
1601,19576,跟风者,跟风者,✓
1602,19577,劝阻者,劝阻者,✓
1603,19578,无关者,无关者,✓
1604,19579,无关者,无关者,✓
1605,19580,跟风者,跟风者,✓
1606,19581,劝阻者,劝阻者,✓
1607,19582,无关者,无关者,✓
1608,19583,无关者,无关者,✓
1609,19584,网暴者,网暴者,✓
1610,19585,跟风者,无关者,✗
1611,19586,跟风者,跟风者,✓
1612,19587,跟风者,跟风者,✓
1613,19588,跟风者,跟风者,✓
1614,19589,跟风者,跟风者,✓
1615,19590,网暴者,网暴者,✓
1616,19591,劝阻者,劝阻者,✓
1617,19592,无关者,无关者,✓
1618,19593,跟风者,跟风者,✓
1619,19594,跟风者,跟风者,✓
1620,19595,劝阻者,劝阻者,✓
1621,19596,网暴者,网暴者,✓
1622,19597,无关者,无关者,✓
1623,19598,劝阻者,劝阻者,✓
1624,19599,跟风者,跟风者,✓
1625,19600,网暴者,网暴者,✓
1626,19601,无关者,无关者,✓
1627,19602,无关者,无关者,✓
1628,19603,无关者,无关者,✓
1629,19604,劝阻者,劝阻者,✓
1630,19605,无关者,无关者,✓
1631,19606,跟风者,跟风者,✓
1632,19607,无关者,无关者,✓
1633,19608,劝阻者,劝阻者,✓
1634,19609,跟风者,跟风者,✓
1635,19610,跟风者,跟风者,✓
1636,19611,劝阻者,劝阻者,✓
1637,19612,劝阻者,劝阻者,✓
1638,19613,网暴者,网暴者,✓
1639,19614,网暴者,网暴者,✓
1640,19615,劝阻者,劝阻者,✓
1641,19616,无关者,无关者,✓
1642,19617,网暴者,网暴者,✓
1643,19618,跟风者,跟风者,✓
1644,19619,劝阻者,劝阻者,✓
1645,19620,劝阻者,劝阻者,✓
1646,19621,网暴者,网暴者,✓
1647,19622,无关者,无关者,✓
1648,19623,跟风者,跟风者,✓
1649,19624,劝阻者,劝阻者,✓
1650,19625,跟风者,跟风者,✓
1651,19626,劝阻者,劝阻者,✓
1652,19627,跟风者,跟风者,✓
1653,19628,劝阻者,劝阻者,✓
1654,19629,跟风者,跟风者,✓
1655,19630,跟风者,跟风者,✓
1656,19631,跟风者,跟风者,✓
1657,19632,跟风者,跟风者,✓
1658,19633,跟风者,跟风者,✓
1659,19634,跟风者,跟风者,✓
1660,19635,网暴者,网暴者,✓
1661,19636,劝阻者,劝阻者,✓
1662,19637,劝阻者,劝阻者,✓
1663,19638,无关者,无关者,✓
1664,19639,跟风者,跟风者,✓
1665,19640,无关者,无关者,✓
1666,19641,网暴者,网暴者,✓
1667,19642,网暴者,网暴者,✓
1668,19643,劝阻者,劝阻者,✓
1669,19644,跟风者,跟风者,✓
1670,19645,跟风者,跟风者,✓
1671,19646,无关者,无关者,✓
1672,19647,劝阻者,劝阻者,✓
1673,19648,跟风者,跟风者,✓
1674,19649,跟风者,跟风者,✓
1675,19650,跟风者,跟风者,✓
1676,19651,劝阻者,劝阻者,✓
1677,19652,网暴者,网暴者,✓
1678,19653,无关者,无关者,✓
1679,19654,跟风者,跟风者,✓
1680,19655,劝阻者,劝阻者,✓
1681,19656,跟风者,跟风者,✓
1682,19657,网暴者,网暴者,✓
1683,19658,网暴者,网暴者,✓
1684,19659,无关者,跟风者,✗
1685,19660,跟风者,跟风者,✓
1686,19661,无关者,无关者,✓
1687,19662,网暴者,网暴者,✓
1688,19663,跟风者,跟风者,✓
1689,19664,无关者,无关者,✓
1690,19665,劝阻者,劝阻者,✓
1691,19666,网暴者,网暴者,✓
1692,19667,跟风者,跟风者,✓
1693,19668,劝阻者,劝阻者,✓
1694,19669,无关者,无关者,✓
1695,19670,网暴者,网暴者,✓
1696,19671,跟风者,跟风者,✓
1697,19672,网暴者,网暴者,✓
1698,19673,劝阻者,劝阻者,✓
1699,19674,无关者,无关者,✓
1700,19675,跟风者,跟风者,✓
1701,19676,网暴者,网暴者,✓
1702,19677,跟风者,跟风者,✓
1703,19678,劝阻者,劝阻者,✓
1704,19679,无关者,无关者,✓
1705,19680,劝阻者,劝阻者,✓
1706,19681,跟风者,跟风者,✓
1707,19682,无关者,无关者,✓
1708,19683,跟风者,跟风者,✓
1709,19684,网暴者,网暴者,✓
1710,19685,跟风者,跟风者,✓
1711,19686,跟风者,跟风者,✓
1712,19687,网暴者,网暴者,✓
1713,19688,网暴者,网暴者,✓
1714,19689,劝阻者,劝阻者,✓
1715,19690,跟风者,跟风者,✓
1716,19691,跟风者,跟风者,✓
1717,19692,劝阻者,劝阻者,✓
1718,19693,劝阻者,劝阻者,✓
1719,19694,劝阻者,劝阻者,✓
1720,19695,劝阻者,劝阻者,✓
1721,19696,网暴者,网暴者,✓
1722,19697,劝阻者,劝阻者,✓
1723,19698,跟风者,跟风者,✓
1724,19699,网暴者,网暴者,✓
1725,19700,跟风者,跟风者,✓
1726,19701,跟风者,跟风者,✓
1727,19702,无关者,无关者,✓
1728,19703,跟风者,跟风者,✓
1729,19704,无关者,无关者,✓
1730,19705,跟风者,跟风者,✓
1731,19706,劝阻者,劝阻者,✓
1732,19707,无关者,无关者,✓
1733,19708,劝阻者,劝阻者,✓
1734,19709,网暴者,网暴者,✓
1735,19710,跟风者,跟风者,✓
1736,19711,无关者,无关者,✓
1737,19712,劝阻者,劝阻者,✓
1738,19713,网暴者,网暴者,✓
1739,19714,劝阻者,劝阻者,✓
1740,19715,无关者,无关者,✓
1741,19716,跟风者,跟风者,✓
1742,19717,劝阻者,劝阻者,✓
1743,19718,网暴者,网暴者,✓
1744,19719,网暴者,网暴者,✓
1745,19720,无关者,无关者,✓
1746,19721,跟风者,跟风者,✓
1747,19722,劝阻者,劝阻者,✓
1748,19723,劝阻者,劝阻者,✓
1749,19724,无关者,无关者,✓
1750,19725,劝阻者,劝阻者,✓
1751,19726,跟风者,跟风者,✓
1752,19727,跟风者,跟风者,✓
1753,19728,无关者,无关者,✓
1754,19729,跟风者,跟风者,✓
1755,19730,劝阻者,网暴者,✗
1756,19731,网暴者,网暴者,✓
1757,19732,无关者,无关者,✓
1758,19733,无关者,无关者,✓
1759,19734,跟风者,跟风者,✓
1760,19735,无关者,无关者,✓
1761,19736,劝阻者,劝阻者,✓
1762,19737,跟风者,跟风者,✓
1763,19738,无关者,无关者,✓
1764,19739,网暴者,网暴者,✓
1765,19740,无关者,无关者,✓
1766,19741,劝阻者,劝阻者,✓
1767,19742,劝阻者,劝阻者,✓
1768,19743,跟风者,跟风者,✓
1769,19744,跟风者,跟风者,✓
1770,19745,网暴者,无关者,✗
1771,19746,无关者,无关者,✓
1772,19747,无关者,无关者,✓
1773,19748,劝阻者,劝阻者,✓
1774,19749,无关者,无关者,✓
1775,19750,跟风者,跟风者,✓
1776,19751,无关者,无关者,✓
1777,19752,网暴者,网暴者,✓
1778,19753,跟风者,跟风者,✓
1779,19754,跟风者,跟风者,✓
1780,19755,劝阻者,劝阻者,✓
1781,19756,网暴者,网暴者,✓
1782,19757,跟风者,跟风者,✓
1783,19758,网暴者,网暴者,✓
1784,19759,跟风者,跟风者,✓
1785,19760,跟风者,跟风者,✓
1786,19761,劝阻者,劝阻者,✓
1787,19762,劝阻者,劝阻者,✓
1788,19763,网暴者,无关者,✗
1789,19764,无关者,无关者,✓
1790,19765,劝阻者,劝阻者,✓
1791,19766,劝阻者,劝阻者,✓
1792,19767,跟风者,跟风者,✓
1793,19768,跟风者,跟风者,✓
1794,19769,无关者,无关者,✓
1795,19770,无关者,无关者,✓
1796,19771,网暴者,网暴者,✓
1797,19772,跟风者,跟风者,✓
1798,19773,跟风者,跟风者,✓
1799,19774,跟风者,跟风者,✓
1800,19775,劝阻者,劝阻者,✓
1801,19776,跟风者,跟风者,✓
1802,19777,跟风者,跟风者,✓
1803,19778,劝阻者,劝阻者,✓
1804,19779,无关者,无关者,✓
1805,19780,跟风者,跟风者,✓
1806,19781,无关者,无关者,✓
1807,19782,劝阻者,劝阻者,✓
1808,19783,无关者,无关者,✓
1809,19784,劝阻者,劝阻者,✓
1810,19785,劝阻者,劝阻者,✓
1811,19786,劝阻者,劝阻者,✓
1812,19787,劝阻者,劝阻者,✓
1813,19788,网暴者,网暴者,✓
1814,19789,网暴者,网暴者,✓
1815,19790,劝阻者,劝阻者,✓
1816,19791,劝阻者,劝阻者,✓
1817,19792,跟风者,跟风者,✓
1818,19793,跟风者,跟风者,✓
1819,19794,跟风者,跟风者,✓
1820,19795,跟风者,跟风者,✓
1821,19796,跟风者,跟风者,✓
1822,19797,劝阻者,劝阻者,✓
1823,19798,无关者,无关者,✓
1824,19799,劝阻者,劝阻者,✓
1825,19800,跟风者,跟风者,✓
1826,19801,网暴者,无关者,✗
1827,19802,劝阻者,劝阻者,✓
1828,19803,无关者,无关者,✓
1829,19804,劝阻者,劝阻者,✓
1830,19805,无关者,无关者,✓
1831,19806,无关者,无关者,✓
1832,19807,劝阻者,劝阻者,✓
1833,19808,无关者,无关者,✓
1834,19809,劝阻者,劝阻者,✓
1835,19810,跟风者,跟风者,✓
1836,19811,无关者,无关者,✓
1837,19812,劝阻者,劝阻者,✓
1838,19813,跟风者,跟风者,✓
1839,19814,跟风者,跟风者,✓
1840,19815,网暴者,网暴者,✓
1841,19816,跟风者,跟风者,✓
1842,19817,劝阻者,劝阻者,✓
1843,19818,跟风者,跟风者,✓
1844,19819,跟风者,跟风者,✓
1845,19820,跟风者,跟风者,✓
1846,19821,劝阻者,劝阻者,✓
1847,19822,劝阻者,劝阻者,✓
1848,19823,跟风者,跟风者,✓
1849,19824,无关者,无关者,✓
1850,19825,无关者,无关者,✓
1851,19826,网暴者,网暴者,✓
1852,19827,无关者,无关者,✓
1853,19828,劝阻者,劝阻者,✓
1854,19829,劝阻者,劝阻者,✓
1855,19830,跟风者,跟风者,✓
1856,19831,无关者,无关者,✓
1857,19832,劝阻者,劝阻者,✓
1858,19833,劝阻者,劝阻者,✓
1859,19834,跟风者,跟风者,✓
1860,19835,网暴者,网暴者,✓
1861,19836,劝阻者,跟风者,✗
1862,19837,跟风者,跟风者,✓
1863,19838,网暴者,网暴者,✓
1864,19839,网暴者,跟风者,✗
1865,19840,劝阻者,劝阻者,✓
1866,19841,跟风者,跟风者,✓
1867,19842,劝阻者,劝阻者,✓
1868,19843,劝阻者,跟风者,✗
1869,19844,跟风者,跟风者,✓
1870,19845,跟风者,跟风者,✓
1871,19846,跟风者,跟风者,✓
1872,19847,无关者,无关者,✓
1873,19848,跟风者,跟风者,✓
1874,19849,劝阻者,劝阻者,✓
1875,19850,网暴者,无关者,✗
1876,19851,跟风者,跟风者,✓
1877,19852,劝阻者,跟风者,✗
1878,19853,无关者,无关者,✓
1879,19854,网暴者,网暴者,✓
1880,19855,跟风者,跟风者,✓
1881,19856,劝阻者,劝阻者,✓
1882,19857,劝阻者,劝阻者,✓
1883,19858,无关者,无关者,✓
1884,19859,网暴者,网暴者,✓
1885,19860,无关者,跟风者,✗
1886,19861,网暴者,网暴者,✓
1887,19862,无关者,无关者,✓
1888,19863,跟风者,跟风者,✓
1889,19864,网暴者,网暴者,✓
1890,19865,跟风者,跟风者,✓
1891,19866,劝阻者,劝阻者,✓
1892,19867,无关者,无关者,✓
1893,19868,跟风者,跟风者,✓
1894,19869,网暴者,网暴者,✓
1895,19870,跟风者,跟风者,✓
1896,19871,无关者,无关者,✓
1897,19872,劝阻者,劝阻者,✓
1898,19873,无关者,无关者,✓
1899,19874,无关者,无关者,✓
1900,19875,无关者,无关者,✓
1901,19876,跟风者,跟风者,✓
1902,19877,无关者,跟风者,✗
1903,19878,无关者,无关者,✓
1904,19879,网暴者,网暴者,✓
1905,19880,劝阻者,劝阻者,✓
1906,19881,无关者,无关者,✓
1907,19882,无关者,无关者,✓
1908,19883,无关者,无关者,✓
1909,19884,劝阻者,劝阻者,✓
1910,19885,跟风者,跟风者,✓
1911,19886,无关者,无关者,✓
1912,19887,无关者,无关者,✓
1913,19888,无关者,无关者,✓
1914,19889,跟风者,跟风者,✓
1915,19890,跟风者,跟风者,✓
1916,19891,无关者,无关者,✓
1917,19892,无关者,无关者,✓
1918,19893,跟风者,跟风者,✓
1919,19894,无关者,无关者,✓
1920,19895,无关者,跟风者,✗
1921,19896,网暴者,网暴者,✓
1922,19897,劝阻者,劝阻者,✓
1923,19898,网暴者,网暴者,✓
1924,19899,无关者,跟风者,✗
1925,19900,劝阻者,劝阻者,✓
1926,19901,劝阻者,劝阻者,✓
1927,19902,跟风者,跟风者,✓
1928,19903,跟风者,劝阻者,✗
1929,19904,劝阻者,劝阻者,✓
1930,19905,劝阻者,劝阻者,✓
1931,19906,无关者,无关者,✓
1932,19907,无关者,无关者,✓
1933,19908,跟风者,跟风者,✓
1934,19909,跟风者,跟风者,✓
1935,19910,跟风者,跟风者,✓
1936,19911,无关者,无关者,✓
1937,19912,跟风者,跟风者,✓
1938,19913,网暴者,网暴者,✓
1939,19914,劝阻者,劝阻者,✓
1940,19915,无关者,无关者,✓
1941,19916,劝阻者,劝阻者,✓
1942,19917,无关者,无关者,✓
1943,19918,劝阻者,劝阻者,✓
1944,19919,跟风者,跟风者,✓
1945,19920,劝阻者,劝阻者,✓
1946,19921,劝阻者,网暴者,✗
1947,19922,网暴者,网暴者,✓
1948,19923,无关者,无关者,✓
1949,19924,无关者,无关者,✓
1950,19925,无关者,无关者,✓
1951,19926,无关者,跟风者,✗
1952,19927,网暴者,网暴者,✓
1953,19928,无关者,无关者,✓
1954,19929,跟风者,跟风者,✓
1955,19930,无关者,无关者,✓
1956,19931,跟风者,跟风者,✓
1957,19932,跟风者,跟风者,✓
1958,19933,无关者,无关者,✓
1959,19934,跟风者,跟风者,✓
1960,19935,无关者,无关者,✓
1961,19936,无关者,无关者,✓
1962,19937,网暴者,网暴者,✓
1963,19938,劝阻者,劝阻者,✓
1964,19939,跟风者,跟风者,✓
1965,19940,跟风者,跟风者,✓
1966,19941,跟风者,跟风者,✓
1967,19942,无关者,无关者,✓
1968,19943,劝阻者,劝阻者,✓
1969,19944,跟风者,跟风者,✓
1970,19945,跟风者,跟风者,✓
1971,19946,网暴者,网暴者,✓
1972,19947,劝阻者,劝阻者,✓
1973,19948,跟风者,跟风者,✓
1974,19949,跟风者,跟风者,✓
1975,19950,网暴者,网暴者,✓
1976,19951,劝阻者,劝阻者,✓
1977,19952,网暴者,网暴者,✓
1978,19953,无关者,无关者,✓
1979,19954,跟风者,跟风者,✓
1980,19955,跟风者,跟风者,✓
1981,19956,劝阻者,劝阻者,✓
1982,19957,跟风者,跟风者,✓
1983,19958,无关者,无关者,✓
1984,19959,无关者,无关者,✓
1985,19960,跟风者,跟风者,✓
1986,19961,跟风者,跟风者,✓
1987,19962,跟风者,跟风者,✓
1988,19963,跟风者,跟风者,✓
1989,19964,网暴者,网暴者,✓
1990,19965,劝阻者,劝阻者,✓
1991,19966,网暴者,网暴者,✓
1992,19967,无关者,无关者,✓
1993,19968,劝阻者,劝阻者,✓
1994,19969,劝阻者,劝阻者,✓
1995,19970,跟风者,跟风者,✓
1996,19971,劝阻者,网暴者,✗
1997,19972,网暴者,无关者,✗
1998,19973,跟风者,跟风者,✓
1999,19974,劝阻者,劝阻者,✓
2000,19975,无关者,无关者,✓
2001,19976,无关者,跟风者,✗
2002,19977,网暴者,劝阻者,✗
2003,19978,跟风者,跟风者,✓
2004,19979,跟风者,跟风者,✓
2005,19980,无关者,无关者,✓
2006,19981,劝阻者,跟风者,✗
2007,19982,无关者,无关者,✓
2008,19983,劝阻者,劝阻者,✓
2009,19984,劝阻者,劝阻者,✓
2010,19985,网暴者,网暴者,✓
2011,19986,跟风者,跟风者,✓
2012,19987,跟风者,跟风者,✓
2013,19988,网暴者,网暴者,✓
2014,19989,跟风者,跟风者,✓
2015,19990,跟风者,跟风者,✓
2016,19991,劝阻者,劝阻者,✓
2017,19992,跟风者,跟风者,✓
2018,19993,劝阻者,劝阻者,✓
2019,19994,网暴者,网暴者,✓
2020,19995,无关者,无关者,✓
2021,19996,劝阻者,劝阻者,✓
2022,19997,网暴者,网暴者,✓
2023,19998,网暴者,网暴者,✓
2024,19999,网暴者,网暴者,✓
2025,20000,无关者,无关者,✓
2026,20001,无关者,无关者,✓
2027,20002,无关者,无关者,✓
2028,20003,劝阻者,劝阻者,✓
2029,20004,跟风者,跟风者,✓
2030,20005,劝阻者,劝阻者,✓
2031,20006,无关者,无关者,✓
2032,20007,跟风者,跟风者,✓
2033,20008,劝阻者,劝阻者,✓
2034,20009,无关者,无关者,✓
2035,20010,跟风者,跟风者,✓
2036,20011,无关者,无关者,✓
2037,20012,网暴者,网暴者,✓
2038,20013,无关者,无关者,✓
2039,20014,跟风者,跟风者,✓
2040,20015,跟风者,跟风者,✓
2041,20016,跟风者,劝阻者,✗
2042,20017,跟风者,跟风者,✓
2043,20018,跟风者,劝阻者,✗
2044,20019,无关者,无关者,✓
2045,20020,跟风者,跟风者,✓
2046,20021,网暴者,网暴者,✓
2047,20022,跟风者,跟风者,✓
2048,20023,劝阻者,劝阻者,✓
2049,20024,跟风者,跟风者,✓
2050,20025,无关者,无关者,✓
2051,20026,无关者,无关者,✓
2052,20027,无关者,无关者,✓
2053,20028,劝阻者,劝阻者,✓
2054,20029,劝阻者,跟风者,✗
2055,20030,劝阻者,劝阻者,✓
2056,20031,无关者,无关者,✓
2057,20032,劝阻者,劝阻者,✓
2058,20033,跟风者,跟风者,✓
2059,20034,网暴者,跟风者,✗
2060,20035,跟风者,跟风者,✓
2061,20036,无关者,无关者,✓
2062,20037,网暴者,网暴者,✓
2063,20038,网暴者,网暴者,✓
2064,20039,网暴者,网暴者,✓
2065,20040,网暴者,网暴者,✓
2066,20041,劝阻者,劝阻者,✓
2067,20042,跟风者,跟风者,✓
2068,20043,无关者,无关者,✓
2069,20044,劝阻者,劝阻者,✓
2070,20045,无关者,无关者,✓
2071,20046,跟风者,跟风者,✓
2072,20047,跟风者,跟风者,✓
2073,20048,网暴者,劝阻者,✗
2074,20049,无关者,无关者,✓
2075,20050,劝阻者,劝阻者,✓
2076,20051,劝阻者,劝阻者,✓
2077,20052,跟风者,跟风者,✓
2078,20053,劝阻者,劝阻者,✓
2079,20054,跟风者,跟风者,✓
2080,20055,网暴者,网暴者,✓
2081,20056,网暴者,网暴者,✓
2082,20057,无关者,无关者,✓
2083,20058,劝阻者,劝阻者,✓
2084,20059,跟风者,跟风者,✓
2085,20060,无关者,无关者,✓
2086,20061,跟风者,跟风者,✓
2087,20062,劝阻者,劝阻者,✓
2088,20063,无关者,无关者,✓
2089,20064,跟风者,跟风者,✓
2090,20065,劝阻者,劝阻者,✓
2091,20066,无关者,无关者,✓
2092,20067,跟风者,跟风者,✓
2093,20068,无关者,无关者,✓
2094,20069,无关者,无关者,✓
2095,20070,劝阻者,劝阻者,✓
2096,20071,跟风者,跟风者,✓
2097,20072,劝阻者,劝阻者,✓
2098,20073,跟风者,无关者,✗
2099,20074,无关者,无关者,✓
2100,20075,劝阻者,劝阻者,✓
2101,20076,网暴者,网暴者,✓
2102,20077,劝阻者,劝阻者,✓
2103,20078,网暴者,网暴者,✓
2104,20079,跟风者,跟风者,✓
2105,20080,跟风者,跟风者,✓
2106,20081,网暴者,网暴者,✓
2107,20082,劝阻者,劝阻者,✓
2108,20083,劝阻者,网暴者,✗
2109,20084,跟风者,跟风者,✓
2110,20085,劝阻者,劝阻者,✓
2111,20086,无关者,无关者,✓
2112,20087,跟风者,跟风者,✓
2113,20088,网暴者,网暴者,✓
2114,20089,无关者,无关者,✓
2115,20090,无关者,无关者,✓
2116,20091,无关者,无关者,✓
2117,20092,无关者,无关者,✓
2118,20093,跟风者,跟风者,✓
2119,20094,跟风者,跟风者,✓
2120,20095,无关者,无关者,✓
2121,20096,劝阻者,劝阻者,✓
2122,20097,跟风者,跟风者,✓
2123,20098,劝阻者,劝阻者,✓
2124,20099,跟风者,跟风者,✓
2125,20100,无关者,无关者,✓
2126,20101,无关者,无关者,✓
2127,20102,劝阻者,劝阻者,✓
2128,20103,劝阻者,劝阻者,✓
2129,20104,劝阻者,劝阻者,✓
2130,20105,劝阻者,劝阻者,✓
2131,20106,网暴者,网暴者,✓
2132,20107,无关者,无关者,✓
2133,20108,无关者,无关者,✓
2134,20109,跟风者,跟风者,✓
2135,20110,网暴者,网暴者,✓
2136,20111,无关者,无关者,✓
2137,20112,网暴者,网暴者,✓
2138,20113,网暴者,网暴者,✓
2139,20114,跟风者,跟风者,✓
2140,20115,跟风者,跟风者,✓
2141,20116,无关者,无关者,✓
2142,20117,跟风者,跟风者,✓
2143,20118,劝阻者,劝阻者,✓
2144,20119,劝阻者,劝阻者,✓
2145,20120,劝阻者,劝阻者,✓
2146,20121,劝阻者,劝阻者,✓
2147,20122,劝阻者,劝阻者,✓
2148,20123,劝阻者,劝阻者,✓
2149,20124,劝阻者,网暴者,✗
2150,20125,无关者,跟风者,✗
2151,20126,劝阻者,劝阻者,✓
2152,20127,劝阻者,跟风者,✗
2153,20128,无关者,无关者,✓
2154,20129,无关者,无关者,✓
2155,20130,跟风者,劝阻者,✗
2156,20131,无关者,无关者,✓
2157,20132,跟风者,跟风者,✓
2158,20133,跟风者,跟风者,✓
2159,20134,跟风者,跟风者,✓
2160,20135,跟风者,跟风者,✓
2161,20136,无关者,无关者,✓
2162,20137,劝阻者,劝阻者,✓
2163,20138,跟风者,跟风者,✓
2164,20139,跟风者,跟风者,✓
2165,20140,劝阻者,劝阻者,✓
2166,20141,劝阻者,劝阻者,✓
2167,20142,劝阻者,劝阻者,✓
2168,20143,跟风者,跟风者,✓
2169,20144,跟风者,跟风者,✓
2170,20145,跟风者,跟风者,✓
2171,20146,跟风者,跟风者,✓
2172,20147,无关者,无关者,✓
2173,20148,劝阻者,劝阻者,✓
2174,20149,劝阻者,劝阻者,✓
2175,20150,网暴者,网暴者,✓
2176,20151,劝阻者,劝阻者,✓
2177,20152,无关者,无关者,✓
2178,20153,跟风者,跟风者,✓
2179,20154,无关者,无关者,✓
2180,20155,跟风者,跟风者,✓
2181,20156,跟风者,跟风者,✓
2182,20157,劝阻者,劝阻者,✓
2183,20158,无关者,无关者,✓
2184,20159,劝阻者,劝阻者,✓
2185,20160,无关者,无关者,✓
2186,20161,劝阻者,劝阻者,✓
2187,20162,网暴者,网暴者,✓
2188,20163,无关者,无关者,✓
2189,20164,无关者,无关者,✓
2190,20165,跟风者,跟风者,✓
2191,20166,网暴者,网暴者,✓
2192,20167,无关者,无关者,✓
2193,20168,网暴者,网暴者,✓
2194,20169,劝阻者,劝阻者,✓
2195,20170,劝阻者,劝阻者,✓
2196,20171,网暴者,网暴者,✓
2197,20172,跟风者,跟风者,✓
2198,20173,跟风者,跟风者,✓
2199,20174,劝阻者,劝阻者,✓
2200,20175,跟风者,跟风者,✓
2201,20176,网暴者,劝阻者,✗
2202,20177,网暴者,网暴者,✓
2203,20178,无关者,无关者,✓
2204,20179,劝阻者,劝阻者,✓
2205,20180,无关者,无关者,✓
2206,20181,劝阻者,劝阻者,✓
2207,20182,无关者,无关者,✓
2208,20183,网暴者,网暴者,✓
2209,20184,跟风者,跟风者,✓
2210,20185,跟风者,跟风者,✓
2211,20186,网暴者,网暴者,✓
2212,20187,无关者,无关者,✓
2213,20188,劝阻者,劝阻者,✓
2214,20189,跟风者,跟风者,✓
2215,20190,无关者,无关者,✓
2216,20191,无关者,无关者,✓
2217,20192,跟风者,跟风者,✓
2218,20193,劝阻者,劝阻者,✓
2219,20194,劝阻者,劝阻者,✓
2220,20195,劝阻者,跟风者,✗
2221,20196,劝阻者,劝阻者,✓
2222,20197,无关者,跟风者,✗
2223,20198,无关者,无关者,✓
2224,20199,网暴者,网暴者,✓
2225,20200,无关者,无关者,✓
2226,20201,劝阻者,劝阻者,✓
2227,20202,劝阻者,劝阻者,✓
2228,20203,网暴者,网暴者,✓
2229,20204,无关者,无关者,✓
2230,20205,劝阻者,劝阻者,✓
2231,20206,网暴者,网暴者,✓
2232,20207,劝阻者,劝阻者,✓
2233,20208,劝阻者,网暴者,✗
2234,20209,劝阻者,劝阻者,✓
2235,20210,跟风者,跟风者,✓
2236,20211,跟风者,跟风者,✓
2237,20212,劝阻者,网暴者,✗
2238,20213,无关者,无关者,✓
2239,20214,跟风者,跟风者,✓
2240,20215,无关者,网暴者,✗
2241,20216,劝阻者,劝阻者,✓
2242,20217,无关者,无关者,✓
2243,20218,网暴者,网暴者,✓
2244,20219,无关者,无关者,✓
2245,20220,无关者,无关者,✓
2246,20221,劝阻者,劝阻者,✓
2247,20222,劝阻者,劝阻者,✓
2248,20223,无关者,无关者,✓
2249,20224,跟风者,跟风者,✓
2250,20225,劝阻者,劝阻者,✓
2251,20226,跟风者,跟风者,✓
2252,20227,网暴者,网暴者,✓
2253,20228,跟风者,跟风者,✓
2254,20229,劝阻者,劝阻者,✓
2255,20230,网暴者,劝阻者,✗
2256,20231,劝阻者,劝阻者,✓
2257,20232,跟风者,跟风者,✓
2258,20233,网暴者,网暴者,✓
2259,20234,劝阻者,劝阻者,✓
2260,20235,劝阻者,劝阻者,✓
2261,20236,劝阻者,劝阻者,✓
2262,20237,无关者,跟风者,✗
2263,20238,跟风者,跟风者,✓
2264,20239,无关者,无关者,✓
2265,20240,跟风者,跟风者,✓
2266,20241,无关者,无关者,✓
2267,20242,无关者,无关者,✓
2268,20243,网暴者,网暴者,✓
2269,20244,无关者,无关者,✓
2270,20245,跟风者,跟风者,✓
2271,20246,跟风者,跟风者,✓
2272,20247,劝阻者,劝阻者,✓
2273,20248,无关者,无关者,✓
2274,20249,网暴者,网暴者,✓
2275,20250,跟风者,跟风者,✓
2276,20251,跟风者,劝阻者,✗
2277,20252,跟风者,跟风者,✓
2278,20253,跟风者,跟风者,✓
2279,20254,劝阻者,劝阻者,✓
2280,20255,跟风者,跟风者,✓
2281,20256,跟风者,跟风者,✓
2282,20257,跟风者,跟风者,✓
2283,20258,网暴者,网暴者,✓
2284,20259,无关者,无关者,✓
2285,20260,劝阻者,劝阻者,✓
2286,20261,跟风者,跟风者,✓
2287,20262,劝阻者,劝阻者,✓
2288,20263,劝阻者,劝阻者,✓
2289,20264,劝阻者,劝阻者,✓
2290,20265,跟风者,跟风者,✓
2291,20266,跟风者,跟风者,✓
2292,20267,网暴者,网暴者,✓
2293,20268,劝阻者,劝阻者,✓
2294,20269,网暴者,网暴者,✓
2295,20270,劝阻者,劝阻者,✓
2296,20271,跟风者,跟风者,✓
2297,20272,网暴者,网暴者,✓
2298,20273,劝阻者,劝阻者,✓
2299,20274,跟风者,跟风者,✓
2300,20275,无关者,无关者,✓
2301,20276,跟风者,跟风者,✓
2302,20277,跟风者,跟风者,✓
2303,20278,网暴者,跟风者,✗
2304,20279,跟风者,跟风者,✓
2305,20280,跟风者,跟风者,✓
2306,20281,无关者,无关者,✓
2307,20282,劝阻者,劝阻者,✓
2308,20283,劝阻者,劝阻者,✓
2309,20284,劝阻者,劝阻者,✓
2310,20285,劝阻者,劝阻者,✓
2311,20286,网暴者,网暴者,✓
2312,20287,跟风者,跟风者,✓
2313,20288,无关者,无关者,✓
2314,20289,跟风者,跟风者,✓
2315,20290,劝阻者,劝阻者,✓
2316,20291,跟风者,跟风者,✓
2317,20292,无关者,无关者,✓
2318,20293,劝阻者,劝阻者,✓
2319,20294,劝阻者,劝阻者,✓
2320,20295,跟风者,跟风者,✓
2321,20296,跟风者,跟风者,✓
2322,20297,无关者,无关者,✓
2323,20298,劝阻者,劝阻者,✓
2324,20299,无关者,无关者,✓
2325,20300,无关者,无关者,✓
2326,20301,网暴者,网暴者,✓
2327,20302,无关者,无关者,✓
2328,20303,劝阻者,劝阻者,✓
2329,20304,网暴者,无关者,✗
2330,20305,劝阻者,劝阻者,✓
2331,20306,劝阻者,劝阻者,✓
2332,20307,劝阻者,劝阻者,✓
2333,20308,无关者,无关者,✓
2334,20309,网暴者,劝阻者,✗
2335,20310,网暴者,网暴者,✓
2336,20311,劝阻者,劝阻者,✓
2337,20312,跟风者,跟风者,✓
2338,20313,无关者,无关者,✓
2339,20314,无关者,无关者,✓
2340,20315,跟风者,跟风者,✓
2341,20316,无关者,无关者,✓
2342,20317,跟风者,跟风者,✓
2343,20318,跟风者,无关者,✗
2344,20319,劝阻者,跟风者,✗
2345,20320,劝阻者,劝阻者,✓
2346,20321,无关者,无关者,✓
2347,20322,劝阻者,劝阻者,✓
2348,20323,网暴者,网暴者,✓
2349,20324,无关者,无关者,✓
2350,20325,劝阻者,劝阻者,✓
2351,20326,劝阻者,劝阻者,✓
2352,20327,跟风者,跟风者,✓
2353,20328,无关者,无关者,✓
2354,20329,跟风者,跟风者,✓
2355,20330,跟风者,跟风者,✓
2356,20331,无关者,无关者,✓
2357,20332,网暴者,网暴者,✓
2358,20333,跟风者,跟风者,✓
2359,20334,无关者,无关者,✓
2360,20335,网暴者,网暴者,✓
2361,20336,劝阻者,劝阻者,✓
2362,20337,无关者,无关者,✓
2363,20338,网暴者,网暴者,✓
2364,20339,网暴者,网暴者,✓
2365,20340,跟风者,跟风者,✓
2366,20341,无关者,无关者,✓
2367,20342,跟风者,跟风者,✓
2368,20343,跟风者,跟风者,✓
2369,20344,无关者,无关者,✓
2370,20345,劝阻者,劝阻者,✓
2371,20346,劝阻者,劝阻者,✓
2372,20347,跟风者,跟风者,✓
2373,20348,劝阻者,劝阻者,✓
2374,20349,网暴者,网暴者,✓
2375,20350,劝阻者,劝阻者,✓
2376,20351,无关者,无关者,✓
2377,20352,网暴者,网暴者,✓
2378,20353,劝阻者,劝阻者,✓
2379,20354,劝阻者,劝阻者,✓
2380,20355,无关者,无关者,✓
2381,20356,网暴者,网暴者,✓
2382,20357,跟风者,跟风者,✓
2383,20358,无关者,无关者,✓
2384,20359,无关者,无关者,✓
2385,20360,跟风者,跟风者,✓
2386,20361,无关者,无关者,✓
2387,20362,劝阻者,网暴者,✗
2388,20363,网暴者,网暴者,✓
2389,20364,网暴者,网暴者,✓
2390,20365,跟风者,跟风者,✓
2391,20366,劝阻者,劝阻者,✓
2392,20367,跟风者,跟风者,✓
2393,20368,无关者,无关者,✓
2394,20369,劝阻者,劝阻者,✓
2395,20370,跟风者,跟风者,✓
2396,20371,劝阻者,劝阻者,✓
2397,20372,跟风者,跟风者,✓
2398,20373,无关者,无关者,✓
2399,20374,劝阻者,劝阻者,✓
2400,20375,跟风者,跟风者,✓
2401,20376,劝阻者,劝阻者,✓
2402,20377,跟风者,跟风者,✓
2403,20378,跟风者,无关者,✗
2404,20379,无关者,无关者,✓
2405,20380,无关者,无关者,✓
2406,20381,网暴者,网暴者,✓
2407,20382,劝阻者,劝阻者,✓
2408,20383,劝阻者,劝阻者,✓
2409,20384,跟风者,跟风者,✓
2410,20385,无关者,无关者,✓
2411,20386,网暴者,网暴者,✓
2412,20387,跟风者,跟风者,✓
2413,20388,网暴者,网暴者,✓
2414,20389,劝阻者,劝阻者,✓
2415,20390,跟风者,跟风者,✓
2416,20391,劝阻者,无关者,✗
2417,20392,无关者,跟风者,✗
2418,20393,跟风者,劝阻者,✗
2419,20394,无关者,无关者,✓
2420,20395,劝阻者,跟风者,✗
2421,20396,无关者,无关者,✓
2422,20397,无关者,无关者,✓
2423,20398,跟风者,跟风者,✓
2424,20399,劝阻者,劝阻者,✓
2425,20400,劝阻者,劝阻者,✓
2426,20401,劝阻者,劝阻者,✓
2427,20402,无关者,无关者,✓
2428,20403,跟风者,跟风者,✓
2429,20404,跟风者,跟风者,✓
2430,20405,跟风者,跟风者,✓
2431,20406,无关者,无关者,✓
2432,20407,网暴者,网暴者,✓
2433,20408,劝阻者,跟风者,✗
2434,20409,劝阻者,劝阻者,✓
2435,20410,无关者,网暴者,✗
2436,20411,劝阻者,劝阻者,✓
2437,20412,无关者,无关者,✓
2438,20413,网暴者,网暴者,✓
2439,20414,跟风者,跟风者,✓
2440,20415,无关者,无关者,✓
2441,20416,劝阻者,劝阻者,✓
2442,20417,无关者,无关者,✓
2443,20418,跟风者,跟风者,✓
2444,20419,劝阻者,劝阻者,✓
2445,20420,网暴者,劝阻者,✗
2446,20421,劝阻者,劝阻者,✓
2447,20422,跟风者,跟风者,✓
2448,20423,劝阻者,劝阻者,✓
2449,20424,劝阻者,劝阻者,✓
2450,20425,劝阻者,网暴者,✗
2451,20426,无关者,无关者,✓
2452,20427,无关者,无关者,✓
2453,20428,网暴者,劝阻者,✗
2454,20429,劝阻者,劝阻者,✓
2455,20430,劝阻者,劝阻者,✓
2456,20431,劝阻者,劝阻者,✓
2457,20432,跟风者,跟风者,✓
2458,20433,跟风者,跟风者,✓
2459,20434,网暴者,网暴者,✓
2460,20435,跟风者,跟风者,✓
2461,20436,劝阻者,劝阻者,✓
2462,20437,劝阻者,劝阻者,✓
2463,20438,无关者,无关者,✓
2464,20439,无关者,无关者,✓
2465,20440,跟风者,跟风者,✓
2466,20441,跟风者,跟风者,✓
2467,20442,无关者,无关者,✓
2468,20443,劝阻者,劝阻者,✓
2469,20444,跟风者,跟风者,✓
2470,20445,跟风者,跟风者,✓
2471,20446,跟风者,跟风者,✓
2472,20447,网暴者,网暴者,✓
2473,20448,劝阻者,网暴者,✗
2474,20449,网暴者,网暴者,✓
2475,20450,无关者,无关者,✓
2476,20451,无关者,无关者,✓
2477,20452,跟风者,跟风者,✓
2478,20453,劝阻者,劝阻者,✓
2479,20454,劝阻者,劝阻者,✓
2480,20455,劝阻者,劝阻者,✓
2481,20456,网暴者,网暴者,✓
2482,20457,劝阻者,劝阻者,✓
2483,20458,跟风者,跟风者,✓
2484,20459,网暴者,网暴者,✓
2485,20460,跟风者,跟风者,✓
2486,20461,跟风者,跟风者,✓
2487,20462,跟风者,无关者,✗
2488,20463,跟风者,跟风者,✓
2489,20464,劝阻者,劝阻者,✓
2490,20465,跟风者,跟风者,✓
2491,20466,劝阻者,劝阻者,✓
2492,20467,劝阻者,劝阻者,✓
2493,20468,跟风者,跟风者,✓
2494,20469,劝阻者,劝阻者,✓
2495,20470,跟风者,跟风者,✓
2496,20471,无关者,无关者,✓
2497,20472,劝阻者,劝阻者,✓
2498,20473,劝阻者,劝阻者,✓
2499,20474,劝阻者,劝阻者,✓
2500,20475,网暴者,网暴者,✓
2501,20476,网暴者,网暴者,✓
2502,20477,无关者,无关者,✓
2503,20478,无关者,无关者,✓
2504,20479,劝阻者,劝阻者,✓
2505,20480,跟风者,跟风者,✓
2506,20481,跟风者,跟风者,✓
2507,20482,无关者,无关者,✓
2508,20483,跟风者,跟风者,✓
2509,20484,劝阻者,劝阻者,✓
2510,20485,无关者,无关者,✓
2511,20486,劝阻者,劝阻者,✓
2512,20487,跟风者,跟风者,✓
2513,20488,无关者,无关者,✓
2514,20489,劝阻者,劝阻者,✓
2515,20490,无关者,无关者,✓
2516,20491,劝阻者,网暴者,✗
2517,20492,跟风者,跟风者,✓
2518,20493,跟风者,跟风者,✓
2519,20494,无关者,无关者,✓
2520,20495,跟风者,跟风者,✓
2521,20496,劝阻者,劝阻者,✓
2522,20497,跟风者,跟风者,✓
2523,20498,无关者,无关者,✓
2524,20499,无关者,无关者,✓
2525,20500,跟风者,跟风者,✓
2526,20501,无关者,无关者,✓
2527,20502,跟风者,跟风者,✓
2528,20503,网暴者,跟风者,✗
2529,20504,劝阻者,劝阻者,✓
2530,20505,跟风者,跟风者,✓
2531,20506,跟风者,跟风者,✓
2532,20507,网暴者,网暴者,✓
2533,20508,网暴者,网暴者,✓
2534,20509,跟风者,跟风者,✓
2535,20510,无关者,无关者,✓
2536,20511,劝阻者,劝阻者,✓
2537,20512,跟风者,劝阻者,✗
2538,20513,跟风者,跟风者,✓
2539,20514,劝阻者,劝阻者,✓
2540,20515,跟风者,跟风者,✓
2541,20516,网暴者,网暴者,✓
2542,20517,跟风者,跟风者,✓
2543,20518,劝阻者,劝阻者,✓
2544,20519,劝阻者,劝阻者,✓
2545,20520,无关者,无关者,✓
2546,20521,无关者,无关者,✓
2547,20522,无关者,无关者,✓
2548,20523,劝阻者,跟风者,✗
2549,20524,网暴者,网暴者,✓
2550,20525,无关者,无关者,✓
2551,20526,无关者,无关者,✓
2552,20527,跟风者,跟风者,✓
2553,20528,无关者,无关者,✓
2554,20529,劝阻者,劝阻者,✓
2555,20530,劝阻者,劝阻者,✓
2556,20531,劝阻者,劝阻者,✓
2557,20532,无关者,无关者,✓
2558,20533,跟风者,跟风者,✓
2559,20534,劝阻者,网暴者,✗
2560,20535,劝阻者,劝阻者,✓
2561,20536,劝阻者,劝阻者,✓
2562,20537,跟风者,跟风者,✓
2563,20538,跟风者,无关者,✗
2564,20539,跟风者,跟风者,✓
2565,20540,劝阻者,劝阻者,✓
2566,20541,跟风者,跟风者,✓
2567,20542,无关者,无关者,✓
2568,20543,网暴者,网暴者,✓
2569,20544,无关者,无关者,✓
2570,20545,网暴者,网暴者,✓
2571,20546,跟风者,跟风者,✓
2572,20547,跟风者,跟风者,✓
2573,20548,劝阻者,劝阻者,✓
2574,20549,劝阻者,劝阻者,✓
2575,20550,网暴者,网暴者,✓
2576,20551,跟风者,跟风者,✓
2577,20552,无关者,无关者,✓
2578,20553,劝阻者,劝阻者,✓
2579,20554,网暴者,网暴者,✓
2580,20555,无关者,无关者,✓
2581,20556,无关者,无关者,✓
2582,20557,劝阻者,劝阻者,✓
2583,20558,劝阻者,劝阻者,✓
2584,20559,跟风者,跟风者,✓
2585,20560,跟风者,跟风者,✓
2586,20561,网暴者,网暴者,✓
2587,20562,无关者,跟风者,✗
2588,20563,无关者,无关者,✓
2589,20564,劝阻者,劝阻者,✓
2590,20565,无关者,无关者,✓
2591,20566,跟风者,跟风者,✓
2592,20567,跟风者,跟风者,✓
2593,20568,跟风者,跟风者,✓
2594,20569,跟风者,跟风者,✓
2595,20570,跟风者,跟风者,✓
2596,20571,无关者,无关者,✓
2597,20572,劝阻者,劝阻者,✓
2598,20573,劝阻者,劝阻者,✓
2599,20574,跟风者,跟风者,✓
2600,20575,跟风者,跟风者,✓
2601,20576,无关者,无关者,✓
2602,20577,无关者,无关者,✓
2603,20578,跟风者,跟风者,✓
2604,20579,无关者,无关者,✓
2605,20580,劝阻者,劝阻者,✓
2606,20581,无关者,无关者,✓
2607,20582,网暴者,网暴者,✓
2608,20583,无关者,网暴者,✗
2609,20584,网暴者,网暴者,✓
2610,20585,跟风者,跟风者,✓
2611,20586,跟风者,跟风者,✓
2612,20587,无关者,无关者,✓
2613,20588,网暴者,网暴者,✓
2614,20589,无关者,无关者,✓
2615,20590,无关者,无关者,✓
2616,20591,劝阻者,劝阻者,✓
2617,20592,跟风者,跟风者,✓
2618,20593,劝阻者,劝阻者,✓
2619,20594,无关者,无关者,✓
2620,20595,劝阻者,劝阻者,✓
2621,20596,网暴者,网暴者,✓
2622,20597,无关者,无关者,✓
2623,20598,跟风者,无关者,✗
2624,20599,无关者,无关者,✓
2625,20600,无关者,无关者,✓
2626,20601,跟风者,跟风者,✓
2627,20602,网暴者,网暴者,✓
2628,20603,无关者,无关者,✓
2629,20604,跟风者,跟风者,✓
2630,20605,劝阻者,劝阻者,✓
2631,20606,跟风者,跟风者,✓
2632,20607,劝阻者,劝阻者,✓
2633,20608,劝阻者,劝阻者,✓
2634,20609,网暴者,网暴者,✓
2635,20610,劝阻者,网暴者,✗
2636,20611,劝阻者,劝阻者,✓
2637,20612,劝阻者,劝阻者,✓
2638,20613,跟风者,跟风者,✓
2639,20614,无关者,无关者,✓
2640,20615,跟风者,跟风者,✓
2641,20616,网暴者,网暴者,✓
2642,20617,无关者,无关者,✓
2643,20618,无关者,无关者,✓
2644,20619,劝阻者,劝阻者,✓
2645,20620,跟风者,跟风者,✓
2646,20621,跟风者,跟风者,✓
2647,20622,劝阻者,网暴者,✗
2648,20623,劝阻者,劝阻者,✓
2649,20624,无关者,无关者,✓
2650,20625,跟风者,跟风者,✓
2651,20626,劝阻者,劝阻者,✓
2652,20627,劝阻者,劝阻者,✓
2653,20628,网暴者,劝阻者,✗
2654,20629,无关者,无关者,✓
2655,20630,网暴者,网暴者,✓
2656,20631,网暴者,网暴者,✓
2657,20632,跟风者,跟风者,✓
2658,20633,劝阻者,劝阻者,✓
2659,20634,无关者,无关者,✓
2660,20635,无关者,无关者,✓
2661,20636,无关者,无关者,✓
2662,20637,无关者,无关者,✓
2663,20638,劝阻者,劝阻者,✓
2664,20639,劝阻者,劝阻者,✓
2665,20640,劝阻者,劝阻者,✓
2666,20641,网暴者,网暴者,✓
2667,20642,网暴者,网暴者,✓
2668,20643,劝阻者,劝阻者,✓
2669,20644,跟风者,跟风者,✓
2670,20645,跟风者,跟风者,✓
2671,20646,跟风者,跟风者,✓
2672,20647,跟风者,跟风者,✓
2673,20648,劝阻者,劝阻者,✓
2674,20649,网暴者,网暴者,✓
2675,20650,跟风者,跟风者,✓
2676,20651,跟风者,跟风者,✓
2677,20652,无关者,无关者,✓
2678,20653,跟风者,跟风者,✓
2679,20654,劝阻者,劝阻者,✓
2680,20655,跟风者,跟风者,✓
2681,20656,无关者,无关者,✓
2682,20657,劝阻者,劝阻者,✓
2683,20658,跟风者,跟风者,✓
2684,20659,劝阻者,劝阻者,✓
2685,20660,跟风者,跟风者,✓
2686,20661,劝阻者,劝阻者,✓
2687,20662,无关者,无关者,✓
2688,20663,网暴者,网暴者,✓
2689,20664,无关者,无关者,✓
2690,20665,无关者,无关者,✓
2691,20666,跟风者,跟风者,✓
2692,20667,劝阻者,网暴者,✗
2693,20668,劝阻者,劝阻者,✓
2694,20669,劝阻者,劝阻者,✓
2695,20670,无关者,无关者,✓
2696,20671,网暴者,网暴者,✓
2697,20672,跟风者,无关者,✗
2698,20673,跟风者,跟风者,✓
2699,20674,网暴者,网暴者,✓
2700,20675,无关者,无关者,✓
2701,20676,无关者,无关者,✓
2702,20677,无关者,无关者,✓
2703,20678,劝阻者,劝阻者,✓
2704,20679,无关者,无关者,✓
2705,20680,劝阻者,劝阻者,✓
2706,20681,劝阻者,劝阻者,✓
2707,20682,跟风者,跟风者,✓
2708,20683,劝阻者,劝阻者,✓
2709,20684,网暴者,网暴者,✓
2710,20685,劝阻者,劝阻者,✓
2711,20686,无关者,无关者,✓
2712,20687,劝阻者,劝阻者,✓
2713,20688,跟风者,跟风者,✓
2714,20689,劝阻者,劝阻者,✓
2715,20690,网暴者,网暴者,✓
2716,20691,无关者,无关者,✓
2717,20692,跟风者,跟风者,✓
2718,20693,劝阻者,跟风者,✗
2719,20694,劝阻者,劝阻者,✓
2720,20695,跟风者,跟风者,✓
2721,20696,跟风者,跟风者,✓
2722,20697,无关者,无关者,✓
2723,20698,劝阻者,劝阻者,✓
2724,20699,跟风者,跟风者,✓
2725,20700,跟风者,跟风者,✓
2726,20701,网暴者,网暴者,✓
2727,20702,网暴者,网暴者,✓
2728,20703,跟风者,跟风者,✓
2729,20704,网暴者,网暴者,✓
2730,20705,跟风者,跟风者,✓
2731,20706,无关者,无关者,✓
2732,20707,跟风者,跟风者,✓
2733,20708,无关者,无关者,✓
2734,20709,劝阻者,劝阻者,✓
2735,20710,无关者,无关者,✓
2736,20711,无关者,无关者,✓
2737,20712,无关者,无关者,✓
2738,20713,跟风者,跟风者,✓
2739,20714,无关者,无关者,✓
2740,20715,劝阻者,劝阻者,✓
2741,20716,无关者,跟风者,✗
2742,20717,无关者,无关者,✓
2743,20718,劝阻者,网暴者,✗
2744,20719,劝阻者,劝阻者,✓
2745,20720,劝阻者,劝阻者,✓
2746,20721,劝阻者,劝阻者,✓
2747,20722,跟风者,跟风者,✓
2748,20723,无关者,无关者,✓
2749,20724,跟风者,跟风者,✓
2750,20725,劝阻者,劝阻者,✓
2751,20726,跟风者,跟风者,✓
2752,20727,网暴者,网暴者,✓
2753,20728,劝阻者,劝阻者,✓
2754,20729,无关者,无关者,✓
2755,20730,无关者,无关者,✓
2756,20731,跟风者,跟风者,✓
2757,20732,无关者,无关者,✓
2758,20733,网暴者,网暴者,✓
2759,20734,跟风者,跟风者,✓
2760,20735,无关者,无关者,✓
2761,20736,网暴者,网暴者,✓
2762,20737,劝阻者,跟风者,✗
2763,20738,无关者,无关者,✓
2764,20739,跟风者,跟风者,✓
2765,20740,无关者,无关者,✓
2766,20741,网暴者,网暴者,✓
2767,20742,无关者,无关者,✓
2768,20743,跟风者,跟风者,✓
2769,20744,跟风者,跟风者,✓
2770,20745,无关者,无关者,✓
2771,20746,网暴者,网暴者,✓
2772,20747,劝阻者,劝阻者,✓
2773,20748,劝阻者,劝阻者,✓
2774,20749,劝阻者,劝阻者,✓
2775,20750,劝阻者,劝阻者,✓
2776,20751,劝阻者,劝阻者,✓
2777,20752,无关者,无关者,✓
2778,20753,跟风者,跟风者,✓
2779,20754,跟风者,跟风者,✓
2780,20755,劝阻者,劝阻者,✓
2781,20756,跟风者,跟风者,✓
2782,20757,劝阻者,劝阻者,✓
2783,20758,跟风者,跟风者,✓
2784,20759,无关者,无关者,✓
2785,20760,跟风者,跟风者,✓
2786,20761,网暴者,网暴者,✓
2787,20762,跟风者,跟风者,✓
2788,20763,劝阻者,劝阻者,✓
2789,20764,跟风者,跟风者,✓
2790,20765,跟风者,跟风者,✓
2791,20766,网暴者,跟风者,✗
2792,20767,无关者,无关者,✓
2793,20768,跟风者,跟风者,✓
2794,20769,跟风者,跟风者,✓
2795,20770,跟风者,网暴者,✗
2796,20771,劝阻者,劝阻者,✓
2797,20772,无关者,无关者,✓
2798,20773,跟风者,跟风者,✓
2799,20774,无关者,无关者,✓
2800,20775,无关者,无关者,✓
2801,20776,跟风者,跟风者,✓
2802,20777,劝阻者,劝阻者,✓
2803,20778,网暴者,网暴者,✓
2804,20779,跟风者,劝阻者,✗
2805,20780,跟风者,跟风者,✓
2806,20781,跟风者,跟风者,✓
2807,20782,劝阻者,劝阻者,✓
2808,20783,劝阻者,劝阻者,✓
2809,20784,劝阻者,劝阻者,✓
2810,20785,无关者,无关者,✓
2811,20786,网暴者,网暴者,✓
2812,20787,劝阻者,劝阻者,✓
2813,20788,劝阻者,劝阻者,✓
2814,20789,无关者,无关者,✓
2815,20790,网暴者,网暴者,✓
2816,20791,跟风者,跟风者,✓
2817,20792,无关者,无关者,✓
2818,20793,无关者,无关者,✓
2819,20794,劝阻者,劝阻者,✓
2820,20795,劝阻者,劝阻者,✓
2821,20796,劝阻者,劝阻者,✓
2822,20797,无关者,无关者,✓
2823,20798,无关者,无关者,✓
2824,20799,网暴者,网暴者,✓
2825,20800,劝阻者,劝阻者,✓
2826,20801,跟风者,跟风者,✓
2827,20802,网暴者,网暴者,✓
2828,20803,网暴者,网暴者,✓
2829,20804,劝阻者,劝阻者,✓
2830,20805,劝阻者,劝阻者,✓
2831,20806,劝阻者,劝阻者,✓
2832,20807,无关者,无关者,✓
2833,20808,劝阻者,劝阻者,✓
2834,20809,跟风者,跟风者,✓
2835,20810,劝阻者,劝阻者,✓
2836,20811,无关者,无关者,✓
2837,20812,劝阻者,劝阻者,✓
2838,20813,跟风者,跟风者,✓
2839,20814,劝阻者,劝阻者,✓
2840,20815,跟风者,跟风者,✓
2841,20816,跟风者,跟风者,✓
2842,20817,网暴者,网暴者,✓
2843,20818,跟风者,跟风者,✓
2844,20819,劝阻者,劝阻者,✓
2845,20820,无关者,无关者,✓
2846,20821,跟风者,跟风者,✓
2847,20822,跟风者,跟风者,✓
2848,20823,跟风者,跟风者,✓
2849,20824,无关者,跟风者,✗
2850,20825,网暴者,网暴者,✓
2851,20826,无关者,无关者,✓
2852,20827,跟风者,跟风者,✓
2853,20828,无关者,无关者,✓
2854,20829,劝阻者,劝阻者,✓
2855,20830,劝阻者,劝阻者,✓
2856,20831,劝阻者,劝阻者,✓
2857,20832,网暴者,网暴者,✓
2858,20833,劝阻者,劝阻者,✓
2859,20834,跟风者,跟风者,✓
2860,20835,劝阻者,劝阻者,✓
2861,20836,无关者,无关者,✓
2862,20837,无关者,无关者,✓
2863,20838,跟风者,跟风者,✓
2864,20839,劝阻者,劝阻者,✓
2865,20840,劝阻者,劝阻者,✓
2866,20841,无关者,无关者,✓
2867,20842,无关者,无关者,✓
2868,20843,劝阻者,劝阻者,✓
2869,20844,跟风者,跟风者,✓
2870,20845,网暴者,网暴者,✓
2871,20846,网暴者,网暴者,✓
2872,20847,跟风者,跟风者,✓
2873,20848,无关者,无关者,✓
2874,20849,劝阻者,劝阻者,✓
2875,20850,无关者,无关者,✓
2876,20851,无关者,无关者,✓
2877,20852,劝阻者,劝阻者,✓
2878,20853,无关者,跟风者,✗
2879,20854,网暴者,网暴者,✓
2880,20855,网暴者,网暴者,✓
2881,20856,跟风者,跟风者,✓
2882,20857,无关者,无关者,✓
2883,20858,劝阻者,劝阻者,✓
2884,20859,无关者,无关者,✓
2885,20860,网暴者,跟风者,✗
2886,20861,跟风者,跟风者,✓
2887,20862,无关者,无关者,✓
2888,20863,劝阻者,劝阻者,✓
2889,20864,跟风者,跟风者,✓
2890,20865,劝阻者,劝阻者,✓
2891,20866,无关者,无关者,✓
2892,20867,劝阻者,劝阻者,✓
2893,20868,劝阻者,劝阻者,✓
2894,20869,劝阻者,劝阻者,✓
2895,20870,劝阻者,劝阻者,✓
2896,20871,劝阻者,劝阻者,✓
2897,20872,跟风者,跟风者,✓
2898,20873,劝阻者,劝阻者,✓
2899,20874,跟风者,跟风者,✓
2900,20875,网暴者,网暴者,✓
2901,20876,无关者,无关者,✓
2902,20877,无关者,无关者,✓
2903,20878,跟风者,跟风者,✓
2904,20879,跟风者,跟风者,✓
2905,20880,跟风者,跟风者,✓
2906,20881,劝阻者,劝阻者,✓
2907,20882,网暴者,网暴者,✓
2908,20883,无关者,无关者,✓
2909,20884,劝阻者,劝阻者,✓
2910,20885,无关者,跟风者,✗
2911,20886,劝阻者,劝阻者,✓
2912,20887,网暴者,网暴者,✓
2913,20888,无关者,无关者,✓
2914,20889,网暴者,网暴者,✓
2915,20890,无关者,无关者,✓
2916,20891,劝阻者,劝阻者,✓
2917,20892,跟风者,跟风者,✓
2918,20893,劝阻者,劝阻者,✓
2919,20894,网暴者,网暴者,✓
2920,20895,劝阻者,劝阻者,✓
2921,20896,劝阻者,劝阻者,✓
2922,20897,网暴者,网暴者,✓
2923,20898,无关者,无关者,✓
2924,20899,网暴者,网暴者,✓
2925,20900,网暴者,网暴者,✓
2926,20901,劝阻者,劝阻者,✓
2927,20902,跟风者,跟风者,✓
2928,20903,跟风者,跟风者,✓
2929,20904,劝阻者,劝阻者,✓
2930,20905,跟风者,跟风者,✓
2931,20906,网暴者,网暴者,✓
2932,20907,无关者,无关者,✓
2933,20908,网暴者,网暴者,✓
2934,20909,跟风者,跟风者,✓
2935,20910,无关者,无关者,✓
2936,20911,跟风者,跟风者,✓
2937,20912,劝阻者,劝阻者,✓
2938,20913,跟风者,跟风者,✓
2939,20914,无关者,无关者,✓
2940,20915,网暴者,网暴者,✓
2941,20916,劝阻者,劝阻者,✓
2942,20917,劝阻者,劝阻者,✓
2943,20918,网暴者,无关者,✗
2944,20919,跟风者,跟风者,✓
2945,20920,网暴者,网暴者,✓
2946,20921,无关者,无关者,✓
2947,20922,跟风者,跟风者,✓
2948,20923,网暴者,网暴者,✓
2949,20924,跟风者,跟风者,✓
2950,20925,无关者,无关者,✓
2951,20926,跟风者,跟风者,✓
2952,20927,跟风者,跟风者,✓
2953,20928,跟风者,跟风者,✓
2954,20929,劝阻者,劝阻者,✓
2955,20930,跟风者,跟风者,✓
2956,20931,跟风者,跟风者,✓
2957,20932,跟风者,跟风者,✓
2958,20933,网暴者,网暴者,✓
2959,20934,网暴者,网暴者,✓
2960,20935,无关者,无关者,✓
2961,20936,劝阻者,劝阻者,✓
2962,20937,跟风者,跟风者,✓
2963,20938,跟风者,跟风者,✓
2964,20939,劝阻者,劝阻者,✓
2965,20940,跟风者,跟风者,✓
2966,20941,无关者,无关者,✓
2967,20942,无关者,无关者,✓
2968,20943,无关者,无关者,✓
2969,20944,无关者,无关者,✓
2970,20945,劝阻者,劝阻者,✓
2971,20946,跟风者,跟风者,✓
2972,20947,劝阻者,劝阻者,✓
2973,20948,无关者,无关者,✓
2974,20949,网暴者,劝阻者,✗
2975,20950,无关者,无关者,✓
2976,20951,跟风者,跟风者,✓
2977,20952,无关者,无关者,✓
2978,20953,跟风者,跟风者,✓
2979,20954,网暴者,网暴者,✓
2980,20955,网暴者,网暴者,✓
2981,20956,跟风者,跟风者,✓
2982,20957,无关者,无关者,✓
2983,20958,网暴者,网暴者,✓
2984,20959,跟风者,跟风者,✓
2985,20960,劝阻者,劝阻者,✓
2986,20961,网暴者,网暴者,✓
2987,20962,跟风者,跟风者,✓
2988,20963,网暴者,网暴者,✓
2989,20964,无关者,无关者,✓
2990,20965,劝阻者,劝阻者,✓
2991,20966,跟风者,跟风者,✓
2992,20967,劝阻者,劝阻者,✓
2993,20968,劝阻者,网暴者,✗
2994,20969,跟风者,跟风者,✓
2995,20970,跟风者,跟风者,✓
2996,20971,网暴者,网暴者,✓
2997,20972,跟风者,跟风者,✓
2998,20973,劝阻者,劝阻者,✓
2999,20974,劝阻者,劝阻者,✓
3000,20975,跟风者,跟风者,✓
3001,20976,跟风者,跟风者,✓
3002,20977,网暴者,网暴者,✓
3003,20978,劝阻者,劝阻者,✓
3004,20979,劝阻者,劝阻者,✓
3005,20980,无关者,无关者,✓
3006,20981,跟风者,跟风者,✓
3007,20982,劝阻者,劝阻者,✓
3008,20983,跟风者,跟风者,✓
3009,20984,网暴者,网暴者,✓
3010,20985,无关者,无关者,✓
3011,20986,跟风者,跟风者,✓
3012,20987,无关者,跟风者,✗
3013,20988,跟风者,跟风者,✓
3014,20989,跟风者,跟风者,✓
3015,20990,无关者,无关者,✓
3016,20991,跟风者,跟风者,✓
3017,20992,跟风者,跟风者,✓
3018,20993,无关者,无关者,✓
3019,20994,劝阻者,劝阻者,✓
3020,20995,无关者,无关者,✓
3021,20996,劝阻者,劝阻者,✓
3022,20997,无关者,无关者,✓
3023,20998,无关者,无关者,✓
3024,20999,网暴者,劝阻者,✗
3025,21000,劝阻者,劝阻者,✓
3026,21001,网暴者,网暴者,✓
3027,21002,跟风者,跟风者,✓
3028,21003,跟风者,跟风者,✓
3029,21004,网暴者,网暴者,✓
3030,21005,劝阻者,劝阻者,✓
3031,21006,跟风者,跟风者,✓
3032,21007,网暴者,劝阻者,✗
3033,21008,劝阻者,劝阻者,✓
3034,21009,网暴者,劝阻者,✗
3035,21010,劝阻者,劝阻者,✓
3036,21011,网暴者,网暴者,✓
3037,21012,无关者,无关者,✓
3038,21013,跟风者,跟风者,✓
3039,21014,网暴者,网暴者,✓
3040,21015,无关者,无关者,✓
3041,21016,跟风者,跟风者,✓
3042,21017,无关者,无关者,✓
3043,21018,跟风者,跟风者,✓
3044,21019,劝阻者,劝阻者,✓
3045,21020,网暴者,网暴者,✓
3046,21021,无关者,无关者,✓
3047,21022,无关者,无关者,✓
3048,21023,跟风者,跟风者,✓
3049,21024,网暴者,网暴者,✓
3050,21025,跟风者,跟风者,✓
3051,21026,无关者,无关者,✓
3052,21027,跟风者,无关者,✗
3053,21028,劝阻者,劝阻者,✓
3054,21029,跟风者,跟风者,✓
3055,21030,无关者,无关者,✓
3056,21031,网暴者,网暴者,✓
3057,21032,劝阻者,劝阻者,✓
3058,21033,跟风者,跟风者,✓
3059,21034,跟风者,跟风者,✓
3060,21035,无关者,无关者,✓
3061,21036,劝阻者,劝阻者,✓
3062,21037,跟风者,跟风者,✓
3063,21038,无关者,无关者,✓
3064,21039,跟风者,跟风者,✓
3065,21040,劝阻者,劝阻者,✓
3066,21041,无关者,无关者,✓
3067,21042,无关者,无关者,✓
3068,21043,无关者,无关者,✓
3069,21044,跟风者,跟风者,✓
3070,21045,无关者,无关者,✓
3071,21046,无关者,无关者,✓
3072,21047,劝阻者,劝阻者,✓
3073,21048,跟风者,跟风者,✓
3074,21049,无关者,无关者,✓
3075,21050,跟风者,跟风者,✓
3076,21051,跟风者,跟风者,✓
3077,21052,劝阻者,劝阻者,✓
3078,21053,劝阻者,劝阻者,✓
3079,21054,劝阻者,劝阻者,✓
3080,21055,跟风者,跟风者,✓
3081,21056,无关者,无关者,✓
3082,21057,跟风者,跟风者,✓
3083,21058,劝阻者,劝阻者,✓
3084,21059,无关者,无关者,✓
3085,21060,劝阻者,劝阻者,✓
3086,21061,劝阻者,劝阻者,✓
3087,21062,劝阻者,劝阻者,✓
3088,21063,劝阻者,劝阻者,✓
3089,21064,劝阻者,劝阻者,✓
3090,21065,跟风者,劝阻者,✗
3091,21066,无关者,无关者,✓
3092,21067,跟风者,跟风者,✓
3093,21068,跟风者,跟风者,✓
3094,21069,网暴者,网暴者,✓
3095,21070,劝阻者,劝阻者,✓
3096,21071,网暴者,网暴者,✓
3097,21072,劝阻者,劝阻者,✓
3098,21073,劝阻者,劝阻者,✓
3099,21074,无关者,劝阻者,✗
3100,21075,劝阻者,劝阻者,✓
3101,21076,网暴者,网暴者,✓
3102,21077,跟风者,跟风者,✓
3103,21078,无关者,无关者,✓
3104,21079,跟风者,跟风者,✓
3105,21080,劝阻者,劝阻者,✓
3106,21081,网暴者,网暴者,✓
3107,21082,劝阻者,劝阻者,✓
3108,21083,无关者,无关者,✓
3109,21084,无关者,无关者,✓
3110,21085,跟风者,跟风者,✓
3111,21086,劝阻者,劝阻者,✓
3112,21087,网暴者,网暴者,✓
3113,21088,跟风者,跟风者,✓
3114,21089,劝阻者,劝阻者,✓
3115,21090,网暴者,网暴者,✓
3116,21091,劝阻者,劝阻者,✓
3117,21092,无关者,无关者,✓
3118,21093,跟风者,跟风者,✓
3119,21094,跟风者,跟风者,✓
3120,21095,跟风者,跟风者,✓
3121,21096,跟风者,无关者,✗
3122,21097,劝阻者,劝阻者,✓
3123,21098,跟风者,跟风者,✓
3124,21099,劝阻者,劝阻者,✓
3125,21100,网暴者,跟风者,✗
3126,21101,劝阻者,劝阻者,✓
3127,21102,无关者,无关者,✓
3128,21103,无关者,无关者,✓
3129,21104,跟风者,跟风者,✓
3130,21105,劝阻者,劝阻者,✓
3131,21106,跟风者,跟风者,✓
3132,21107,无关者,无关者,✓
3133,21108,跟风者,跟风者,✓
3134,21109,网暴者,网暴者,✓
3135,21110,无关者,无关者,✓
3136,21111,无关者,无关者,✓
3137,21112,跟风者,跟风者,✓
3138,21113,无关者,无关者,✓
3139,21114,劝阻者,跟风者,✗
3140,21115,劝阻者,劝阻者,✓
3141,21116,无关者,跟风者,✗
3142,21117,无关者,无关者,✓
3143,21118,劝阻者,劝阻者,✓
3144,21119,无关者,无关者,✓
3145,21120,跟风者,无关者,✗
3146,21121,跟风者,跟风者,✓
3147,21122,跟风者,跟风者,✓
3148,21123,无关者,无关者,✓
3149,21124,网暴者,网暴者,✓
3150,21125,网暴者,网暴者,✓
3151,21126,劝阻者,劝阻者,✓
3152,21127,无关者,无关者,✓
3153,21128,网暴者,网暴者,✓
3154,21129,网暴者,网暴者,✓
3155,21130,劝阻者,劝阻者,✓
3156,21131,劝阻者,劝阻者,✓
3157,21132,跟风者,跟风者,✓
3158,21133,无关者,无关者,✓
3159,21134,跟风者,跟风者,✓
3160,21135,劝阻者,劝阻者,✓
3161,21136,劝阻者,劝阻者,✓
3162,21137,劝阻者,劝阻者,✓
3163,21138,无关者,无关者,✓
3164,21139,劝阻者,劝阻者,✓
3165,21140,跟风者,跟风者,✓
3166,21141,劝阻者,劝阻者,✓
3167,21142,无关者,无关者,✓
3168,21143,跟风者,跟风者,✓
3169,21144,无关者,无关者,✓
3170,21145,跟风者,跟风者,✓
3171,21146,劝阻者,劝阻者,✓
3172,21147,劝阻者,劝阻者,✓
3173,21148,无关者,无关者,✓
3174,21149,劝阻者,劝阻者,✓
3175,21150,劝阻者,劝阻者,✓
3176,21151,网暴者,网暴者,✓
3177,21152,劝阻者,劝阻者,✓
3178,21153,无关者,无关者,✓
3179,21154,跟风者,跟风者,✓
3180,21155,跟风者,跟风者,✓
3181,21156,劝阻者,劝阻者,✓
3182,21157,跟风者,跟风者,✓
3183,21158,劝阻者,劝阻者,✓
3184,21159,劝阻者,劝阻者,✓
3185,21160,无关者,无关者,✓
3186,21161,网暴者,网暴者,✓
3187,21162,无关者,无关者,✓
3188,21163,跟风者,跟风者,✓
3189,21164,跟风者,跟风者,✓
3190,21165,劝阻者,劝阻者,✓
3191,21166,无关者,无关者,✓
3192,21167,跟风者,劝阻者,✗
3193,21168,跟风者,跟风者,✓
3194,21169,网暴者,网暴者,✓
3195,21170,劝阻者,劝阻者,✓
3196,21171,劝阻者,劝阻者,✓
3197,21172,无关者,无关者,✓
3198,21173,无关者,无关者,✓
3199,21174,无关者,无关者,✓
3200,21175,网暴者,网暴者,✓
3201,21176,无关者,无关者,✓
3202,21177,劝阻者,劝阻者,✓
3203,21178,跟风者,跟风者,✓
3204,21179,跟风者,跟风者,✓
3205,21180,网暴者,网暴者,✓
3206,21181,劝阻者,劝阻者,✓
3207,21182,网暴者,网暴者,✓
3208,21183,跟风者,跟风者,✓
3209,21184,劝阻者,劝阻者,✓
3210,21185,无关者,无关者,✓
3211,21186,劝阻者,劝阻者,✓
3212,21187,网暴者,网暴者,✓
3213,21188,跟风者,劝阻者,✗
3214,21189,跟风者,跟风者,✓
3215,21190,网暴者,网暴者,✓
3216,21191,无关者,无关者,✓
3217,21192,跟风者,跟风者,✓
3218,21193,无关者,无关者,✓
3219,21194,跟风者,跟风者,✓
3220,21195,劝阻者,劝阻者,✓
3221,21196,跟风者,跟风者,✓
3222,21197,无关者,无关者,✓
3223,21198,网暴者,网暴者,✓
3224,21199,劝阻者,劝阻者,✓
3225,21200,网暴者,网暴者,✓
3226,21201,跟风者,跟风者,✓
3227,21202,劝阻者,劝阻者,✓
3228,21203,劝阻者,劝阻者,✓
3229,21204,无关者,无关者,✓
3230,21205,无关者,无关者,✓
3231,21206,无关者,无关者,✓
3232,21207,网暴者,网暴者,✓
3233,21208,跟风者,跟风者,✓
3234,21209,无关者,无关者,✓
3235,21210,跟风者,跟风者,✓
3236,21211,跟风者,跟风者,✓
3237,21212,跟风者,跟风者,✓
3238,21213,跟风者,跟风者,✓
3239,21214,劝阻者,劝阻者,✓
3240,21215,劝阻者,劝阻者,✓
3241,21216,跟风者,跟风者,✓
3242,21217,网暴者,网暴者,✓
3243,21218,跟风者,跟风者,✓
3244,21219,网暴者,网暴者,✓
3245,21220,劝阻者,劝阻者,✓
3246,21221,跟风者,跟风者,✓
3247,21222,网暴者,网暴者,✓
3248,21223,无关者,无关者,✓
3249,21224,跟风者,跟风者,✓
3250,21225,网暴者,网暴者,✓
3251,21226,无关者,无关者,✓
3252,21227,跟风者,跟风者,✓
3253,21228,网暴者,网暴者,✓
3254,21229,劝阻者,劝阻者,✓
3255,21230,跟风者,跟风者,✓
3256,21231,跟风者,跟风者,✓
3257,21232,跟风者,跟风者,✓
3258,21233,无关者,无关者,✓
3259,21234,跟风者,跟风者,✓
3260,21235,无关者,无关者,✓
3261,21236,网暴者,网暴者,✓
3262,21237,网暴者,网暴者,✓
3263,21238,跟风者,跟风者,✓
3264,21239,无关者,无关者,✓
3265,21240,劝阻者,网暴者,✗
3266,21241,跟风者,跟风者,✓
3267,21242,跟风者,跟风者,✓
3268,21243,跟风者,跟风者,✓
3269,21244,劝阻者,劝阻者,✓
3270,21245,劝阻者,劝阻者,✓
3271,21246,跟风者,跟风者,✓
3272,21247,网暴者,网暴者,✓
3273,21248,无关者,无关者,✓
3274,21249,跟风者,跟风者,✓
3275,21250,劝阻者,劝阻者,✓
3276,21251,跟风者,跟风者,✓
3277,21252,劝阻者,劝阻者,✓
3278,21253,跟风者,跟风者,✓
3279,21254,跟风者,跟风者,✓
3280,21255,劝阻者,劝阻者,✓
3281,21256,跟风者,跟风者,✓
3282,21257,劝阻者,劝阻者,✓
3283,21258,劝阻者,劝阻者,✓
3284,21259,跟风者,跟风者,✓
3285,21260,跟风者,跟风者,✓
3286,21261,劝阻者,劝阻者,✓
3287,21262,无关者,无关者,✓
3288,21263,网暴者,劝阻者,✗
3289,21264,无关者,无关者,✓
3290,21265,无关者,无关者,✓
3291,21266,劝阻者,劝阻者,✓
3292,21267,劝阻者,劝阻者,✓
3293,21268,无关者,无关者,✓
3294,21269,劝阻者,劝阻者,✓
3295,21270,跟风者,跟风者,✓
3296,21271,跟风者,跟风者,✓
3297,21272,无关者,网暴者,✗
3298,21273,劝阻者,劝阻者,✓
3299,21274,网暴者,网暴者,✓
3300,21275,劝阻者,劝阻者,✓
3301,21276,劝阻者,劝阻者,✓
3302,21277,跟风者,跟风者,✓
3303,21278,劝阻者,劝阻者,✓
3304,21279,跟风者,跟风者,✓
3305,21280,无关者,无关者,✓
3306,21281,网暴者,网暴者,✓
3307,21282,跟风者,跟风者,✓
3308,21283,劝阻者,劝阻者,✓
3309,21284,劝阻者,劝阻者,✓
3310,21285,网暴者,网暴者,✓
3311,21286,跟风者,跟风者,✓
3312,21287,劝阻者,劝阻者,✓
3313,21288,网暴者,网暴者,✓
3314,21289,无关者,无关者,✓
3315,21290,无关者,无关者,✓
3316,21291,无关者,跟风者,✗
3317,21292,劝阻者,网暴者,✗
3318,21293,跟风者,跟风者,✓
3319,21294,劝阻者,劝阻者,✓
3320,21295,劝阻者,劝阻者,✓
3321,21296,无关者,无关者,✓
3322,21297,网暴者,网暴者,✓
3323,21298,跟风者,跟风者,✓
3324,21299,劝阻者,网暴者,✗
3325,21300,跟风者,跟风者,✓
3326,21301,网暴者,网暴者,✓
3327,21302,无关者,无关者,✓
3328,21303,跟风者,跟风者,✓
3329,21304,劝阻者,劝阻者,✓
3330,21305,跟风者,跟风者,✓
3331,21306,跟风者,跟风者,✓
3332,21307,无关者,无关者,✓
3333,21308,跟风者,跟风者,✓
3334,21309,劝阻者,劝阻者,✓
3335,21310,跟风者,跟风者,✓
3336,21311,跟风者,跟风者,✓
3337,21312,劝阻者,劝阻者,✓
3338,21313,网暴者,网暴者,✓
3339,21314,跟风者,跟风者,✓
3340,21315,跟风者,跟风者,✓
3341,21316,劝阻者,劝阻者,✓
3342,21317,劝阻者,劝阻者,✓
3343,21318,跟风者,跟风者,✓
3344,21319,无关者,无关者,✓
3345,21320,劝阻者,劝阻者,✓
3346,21321,跟风者,跟风者,✓
3347,21322,无关者,网暴者,✗
3348,21323,跟风者,跟风者,✓
3349,21324,网暴者,网暴者,✓
3350,21325,无关者,跟风者,✗
3351,21326,跟风者,无关者,✗
3352,21327,跟风者,跟风者,✓
3353,21328,跟风者,跟风者,✓
3354,21329,劝阻者,劝阻者,✓
3355,21330,跟风者,跟风者,✓
3356,21331,网暴者,网暴者,✓
3357,21332,无关者,无关者,✓
3358,21333,网暴者,网暴者,✓
3359,21334,劝阻者,劝阻者,✓
3360,21335,网暴者,网暴者,✓
3361,21336,劝阻者,网暴者,✗
3362,21337,劝阻者,劝阻者,✓
3363,21338,跟风者,无关者,✗
3364,21339,跟风者,跟风者,✓
3365,21340,劝阻者,劝阻者,✓
3366,21341,跟风者,跟风者,✓
3367,21342,劝阻者,劝阻者,✓
3368,21343,无关者,跟风者,✗
3369,21344,跟风者,跟风者,✓
3370,21345,无关者,无关者,✓
3371,21346,劝阻者,劝阻者,✓
3372,21347,劝阻者,劝阻者,✓
3373,21348,无关者,无关者,✓
3374,21349,无关者,无关者,✓
3375,21350,劝阻者,劝阻者,✓
3376,21351,跟风者,跟风者,✓
3377,21352,无关者,无关者,✓
3378,21353,无关者,无关者,✓
3379,21354,跟风者,跟风者,✓
3380,21355,跟风者,跟风者,✓
3381,21356,劝阻者,跟风者,✗
3382,21357,网暴者,网暴者,✓
3383,21358,劝阻者,劝阻者,✓
3384,21359,跟风者,跟风者,✓
3385,21360,劝阻者,劝阻者,✓
3386,21361,无关者,无关者,✓
3387,21362,跟风者,跟风者,✓
3388,21363,网暴者,网暴者,✓
3389,21364,网暴者,网暴者,✓
3390,21365,网暴者,网暴者,✓
3391,21366,网暴者,网暴者,✓
3392,21367,跟风者,跟风者,✓
3393,21368,无关者,无关者,✓
3394,21369,劝阻者,劝阻者,✓
3395,21370,跟风者,跟风者,✓
3396,21371,跟风者,跟风者,✓
3397,21372,劝阻者,劝阻者,✓
3398,21373,无关者,无关者,✓
3399,21374,跟风者,跟风者,✓
3400,21375,跟风者,跟风者,✓
3401,21376,无关者,无关者,✓
3402,21377,劝阻者,劝阻者,✓
3403,21378,网暴者,网暴者,✓
3404,21379,劝阻者,劝阻者,✓
3405,21380,劝阻者,劝阻者,✓
3406,21381,跟风者,跟风者,✓
3407,21382,网暴者,网暴者,✓
3408,21383,劝阻者,劝阻者,✓
3409,21384,跟风者,跟风者,✓
3410,21385,跟风者,跟风者,✓
3411,21386,网暴者,网暴者,✓
3412,21387,跟风者,跟风者,✓
3413,21388,无关者,无关者,✓
3414,21389,跟风者,跟风者,✓
3415,21390,网暴者,网暴者,✓
3416,21391,劝阻者,劝阻者,✓
3417,21392,无关者,无关者,✓
3418,21393,跟风者,跟风者,✓
3419,21394,劝阻者,劝阻者,✓
3420,21395,网暴者,网暴者,✓
3421,21396,无关者,无关者,✓
3422,21397,网暴者,网暴者,✓
3423,21398,跟风者,跟风者,✓
3424,21399,网暴者,网暴者,✓
3425,21400,网暴者,网暴者,✓
3426,21401,劝阻者,劝阻者,✓
3427,21402,无关者,无关者,✓
3428,21403,劝阻者,网暴者,✗
3429,21404,无关者,无关者,✓
3430,21405,网暴者,网暴者,✓
3431,21406,跟风者,跟风者,✓
3432,21407,劝阻者,劝阻者,✓
3433,21408,跟风者,跟风者,✓
3434,21409,跟风者,跟风者,✓
3435,21410,劝阻者,劝阻者,✓
3436,21411,劝阻者,劝阻者,✓
3437,21412,跟风者,跟风者,✓
3438,21413,劝阻者,劝阻者,✓
3439,21414,无关者,无关者,✓
3440,21415,跟风者,跟风者,✓
3441,21416,劝阻者,劝阻者,✓
3442,21417,无关者,跟风者,✗
3443,21418,劝阻者,劝阻者,✓
3444,21419,无关者,无关者,✓
3445,21420,跟风者,跟风者,✓
3446,21421,网暴者,网暴者,✓
3447,21422,跟风者,跟风者,✓
3448,21423,跟风者,跟风者,✓
3449,21424,劝阻者,劝阻者,✓
3450,21425,网暴者,网暴者,✓
3451,21426,网暴者,网暴者,✓
3452,21427,跟风者,跟风者,✓
3453,21428,无关者,无关者,✓
3454,21429,无关者,无关者,✓
3455,21430,跟风者,跟风者,✓
3456,21431,跟风者,劝阻者,✗
3457,21432,网暴者,劝阻者,✗
3458,21433,网暴者,网暴者,✓
3459,21434,无关者,跟风者,✗
3460,21435,劝阻者,劝阻者,✓
3461,21436,跟风者,跟风者,✓
3462,21437,网暴者,网暴者,✓
3463,21438,无关者,劝阻者,✗
3464,21439,跟风者,跟风者,✓
3465,21440,劝阻者,劝阻者,✓
3466,21441,无关者,无关者,✓
3467,21442,跟风者,跟风者,✓
3468,21443,跟风者,跟风者,✓
3469,21444,劝阻者,劝阻者,✓
3470,21445,无关者,无关者,✓
3471,21446,无关者,无关者,✓
3472,21447,无关者,无关者,✓
3473,21448,无关者,跟风者,✗
3474,21449,无关者,无关者,✓
3475,21450,跟风者,跟风者,✓
3476,21451,劝阻者,劝阻者,✓
3477,21452,劝阻者,劝阻者,✓
3478,21453,跟风者,跟风者,✓
3479,21454,无关者,无关者,✓
3480,21455,跟风者,跟风者,✓
3481,21456,跟风者,跟风者,✓
3482,21457,跟风者,跟风者,✓
3483,21458,劝阻者,劝阻者,✓
3484,21459,劝阻者,劝阻者,✓
3485,21460,无关者,无关者,✓
3486,21461,跟风者,跟风者,✓
3487,21462,跟风者,跟风者,✓
3488,21463,无关者,无关者,✓
3489,21464,跟风者,跟风者,✓
3490,21465,无关者,无关者,✓
3491,21466,无关者,无关者,✓
3492,21467,无关者,无关者,✓
3493,21468,跟风者,跟风者,✓
3494,21469,劝阻者,劝阻者,✓
3495,21470,网暴者,网暴者,✓
3496,21471,劝阻者,劝阻者,✓
3497,21472,跟风者,跟风者,✓
3498,21473,跟风者,跟风者,✓
3499,21474,跟风者,无关者,✗
3500,21475,跟风者,跟风者,✓
3501,21476,跟风者,跟风者,✓
3502,21477,网暴者,网暴者,✓
3503,21478,无关者,无关者,✓
3504,21479,网暴者,网暴者,✓
3505,21480,劝阻者,劝阻者,✓
3506,21481,跟风者,无关者,✗
3507,21482,跟风者,跟风者,✓
3508,21483,网暴者,网暴者,✓
3509,21484,跟风者,跟风者,✓
3510,21485,劝阻者,劝阻者,✓
3511,21486,跟风者,跟风者,✓
3512,21487,跟风者,跟风者,✓
3513,21488,跟风者,跟风者,✓
3514,21489,网暴者,劝阻者,✗
3515,21490,无关者,无关者,✓
3516,21491,无关者,无关者,✓
3517,21492,无关者,无关者,✓
3518,21493,跟风者,跟风者,✓
3519,21494,劝阻者,劝阻者,✓
3520,21495,无关者,无关者,✓
3521,21496,跟风者,跟风者,✓
3522,21497,无关者,无关者,✓
3523,21498,无关者,无关者,✓
3524,21499,劝阻者,劝阻者,✓
3525,21500,无关者,无关者,✓
3526,21501,劝阻者,劝阻者,✓
3527,21502,劝阻者,劝阻者,✓
3528,21503,无关者,无关者,✓
3529,21504,无关者,无关者,✓
3530,21505,劝阻者,劝阻者,✓
3531,21506,跟风者,跟风者,✓
3532,21507,劝阻者,劝阻者,✓
3533,21508,跟风者,跟风者,✓
3534,21509,跟风者,跟风者,✓
3535,21510,无关者,无关者,✓
3536,21511,劝阻者,劝阻者,✓
3537,21512,跟风者,跟风者,✓
3538,21513,网暴者,网暴者,✓
3539,21514,网暴者,跟风者,✗
3540,21515,跟风者,跟风者,✓
3541,21516,跟风者,跟风者,✓
3542,21517,无关者,无关者,✓
3543,21518,无关者,无关者,✓
3544,21519,劝阻者,劝阻者,✓
3545,21520,网暴者,网暴者,✓
3546,21521,无关者,跟风者,✗
3547,21522,跟风者,劝阻者,✗
3548,21523,无关者,无关者,✓
3549,21524,跟风者,跟风者,✓
3550,21525,网暴者,网暴者,✓
3551,21526,无关者,无关者,✓
3552,21527,跟风者,跟风者,✓
3553,21528,无关者,无关者,✓
3554,21529,网暴者,网暴者,✓
3555,21530,跟风者,跟风者,✓
3556,21531,无关者,无关者,✓
3557,21532,网暴者,劝阻者,✗
3558,21533,跟风者,跟风者,✓
3559,21534,无关者,无关者,✓
3560,21535,无关者,无关者,✓
3561,21536,跟风者,劝阻者,✗
3562,21537,劝阻者,劝阻者,✓
3563,21538,无关者,无关者,✓
3564,21539,劝阻者,劝阻者,✓
3565,21540,无关者,无关者,✓
3566,21541,无关者,无关者,✓
3567,21542,无关者,无关者,✓
3568,21543,跟风者,跟风者,✓
3569,21544,无关者,无关者,✓
3570,21545,跟风者,跟风者,✓
3571,21546,无关者,无关者,✓
3572,21547,跟风者,跟风者,✓
3573,21548,跟风者,跟风者,✓
3574,21549,网暴者,网暴者,✓
3575,21550,网暴者,网暴者,✓
3576,21551,劝阻者,劝阻者,✓
3577,21552,跟风者,跟风者,✓
3578,21553,劝阻者,劝阻者,✓
3579,21554,无关者,无关者,✓
3580,21555,无关者,无关者,✓
3581,21556,无关者,无关者,✓
3582,21557,无关者,无关者,✓
3583,21558,劝阻者,劝阻者,✓
3584,21559,网暴者,网暴者,✓
3585,21560,跟风者,跟风者,✓
3586,21561,劝阻者,网暴者,✗
3587,21562,跟风者,跟风者,✓
3588,21563,劝阻者,跟风者,✗
3589,21564,网暴者,网暴者,✓
3590,21565,网暴者,网暴者,✓
3591,21566,无关者,无关者,✓
3592,21567,劝阻者,劝阻者,✓
3593,21568,无关者,无关者,✓
3594,21569,跟风者,跟风者,✓
3595,21570,跟风者,跟风者,✓
3596,21571,劝阻者,劝阻者,✓
3597,21572,劝阻者,劝阻者,✓
3598,21573,跟风者,跟风者,✓
3599,21574,跟风者,跟风者,✓
3600,21575,跟风者,跟风者,✓
3601,21576,无关者,跟风者,✗
3602,21577,无关者,无关者,✓
3603,21578,无关者,无关者,✓
3604,21579,网暴者,网暴者,✓
3605,21580,无关者,无关者,✓
3606,21581,劝阻者,劝阻者,✓
3607,21582,劝阻者,劝阻者,✓
3608,21583,跟风者,跟风者,✓
3609,21584,跟风者,跟风者,✓
3610,21585,网暴者,网暴者,✓
3611,21586,无关者,无关者,✓
3612,21587,劝阻者,劝阻者,✓
3613,21588,跟风者,跟风者,✓
3614,21589,网暴者,网暴者,✓
3615,21590,无关者,网暴者,✗
3616,21591,劝阻者,劝阻者,✓
3617,21592,无关者,无关者,✓
3618,21593,劝阻者,劝阻者,✓
3619,21594,劝阻者,劝阻者,✓
3620,21595,跟风者,跟风者,✓
3621,21596,无关者,无关者,✓
3622,21597,无关者,无关者,✓
3623,21598,跟风者,跟风者,✓
3624,21599,跟风者,跟风者,✓
3625,21600,劝阻者,劝阻者,✓
3626,21601,无关者,无关者,✓
3627,21602,网暴者,网暴者,✓
3628,21603,跟风者,跟风者,✓
3629,21604,网暴者,网暴者,✓
3630,21605,跟风者,跟风者,✓
3631,21606,跟风者,跟风者,✓
3632,21607,无关者,无关者,✓
3633,21608,网暴者,网暴者,✓
3634,21609,网暴者,网暴者,✓
3635,21610,无关者,无关者,✓
3636,21611,无关者,无关者,✓
3637,21612,无关者,无关者,✓
3638,21613,无关者,无关者,✓
3639,21614,无关者,无关者,✓
3640,21615,跟风者,跟风者,✓
3641,21616,跟风者,跟风者,✓
3642,21617,劝阻者,劝阻者,✓
3643,21618,网暴者,网暴者,✓
3644,21619,劝阻者,劝阻者,✓
3645,21620,无关者,无关者,✓
3646,21621,跟风者,跟风者,✓
3647,21622,跟风者,跟风者,✓
3648,21623,无关者,无关者,✓
3649,21624,劝阻者,劝阻者,✓
3650,21625,劝阻者,劝阻者,✓
3651,21626,跟风者,跟风者,✓
3652,21627,网暴者,网暴者,✓
3653,21628,无关者,无关者,✓
3654,21629,跟风者,跟风者,✓
3655,21630,跟风者,跟风者,✓
3656,21631,无关者,无关者,✓
3657,21632,跟风者,跟风者,✓
3658,21633,劝阻者,劝阻者,✓
3659,21634,劝阻者,劝阻者,✓
3660,21635,跟风者,跟风者,✓
3661,21636,劝阻者,劝阻者,✓
3662,21637,网暴者,网暴者,✓
3663,21638,劝阻者,网暴者,✗
3664,21639,劝阻者,劝阻者,✓
3665,21640,劝阻者,网暴者,✗
3666,21641,劝阻者,劝阻者,✓
3667,21642,劝阻者,网暴者,✗
3668,21643,无关者,无关者,✓
3669,21644,劝阻者,劝阻者,✓
3670,21645,跟风者,跟风者,✓
3671,21646,无关者,无关者,✓
3672,21647,劝阻者,劝阻者,✓
3673,21648,无关者,无关者,✓
3674,21649,网暴者,网暴者,✓
3675,21650,网暴者,网暴者,✓
3676,21651,跟风者,跟风者,✓
3677,21652,网暴者,网暴者,✓
3678,21653,网暴者,网暴者,✓
3679,21654,劝阻者,劝阻者,✓
3680,21655,跟风者,跟风者,✓
3681,21656,劝阻者,劝阻者,✓
3682,21657,无关者,无关者,✓
3683,21658,跟风者,跟风者,✓
3684,21659,跟风者,跟风者,✓
3685,21660,劝阻者,劝阻者,✓
3686,21661,劝阻者,劝阻者,✓
3687,21662,劝阻者,劝阻者,✓
3688,21663,跟风者,跟风者,✓
3689,21664,无关者,无关者,✓
3690,21665,跟风者,跟风者,✓
3691,21666,跟风者,跟风者,✓
3692,21667,跟风者,跟风者,✓
3693,21668,无关者,无关者,✓
3694,21669,无关者,无关者,✓
3695,21670,跟风者,跟风者,✓
3696,21671,跟风者,跟风者,✓
3697,21672,无关者,无关者,✓
3698,21673,无关者,无关者,✓
3699,21674,跟风者,跟风者,✓
3700,21675,劝阻者,劝阻者,✓
3701,21676,跟风者,跟风者,✓
3702,21677,跟风者,跟风者,✓
3703,21678,无关者,无关者,✓
3704,21679,劝阻者,劝阻者,✓
3705,21680,劝阻者,劝阻者,✓
3706,21681,网暴者,网暴者,✓
3707,21682,无关者,无关者,✓
3708,21683,劝阻者,跟风者,✗
3709,21684,无关者,无关者,✓
3710,21685,网暴者,网暴者,✓
3711,21686,劝阻者,跟风者,✗
3712,21687,网暴者,网暴者,✓
3713,21688,劝阻者,劝阻者,✓
3714,21689,劝阻者,无关者,✗
3715,21690,跟风者,跟风者,✓
3716,21691,网暴者,无关者,✗
3717,21692,劝阻者,劝阻者,✓
3718,21693,网暴者,网暴者,✓
3719,21694,劝阻者,劝阻者,✓
3720,21695,网暴者,网暴者,✓
3721,21696,劝阻者,劝阻者,✓
3722,21697,劝阻者,劝阻者,✓
3723,21698,跟风者,跟风者,✓
3724,21699,劝阻者,劝阻者,✓
3725,21700,劝阻者,劝阻者,✓
3726,21701,劝阻者,劝阻者,✓
3727,21702,无关者,无关者,✓
3728,21703,跟风者,跟风者,✓
3729,21704,跟风者,跟风者,✓
3730,21705,劝阻者,劝阻者,✓
3731,21706,网暴者,网暴者,✓
3732,21707,劝阻者,劝阻者,✓
3733,21708,跟风者,跟风者,✓
3734,21709,劝阻者,劝阻者,✓
3735,21710,劝阻者,劝阻者,✓
3736,21711,劝阻者,劝阻者,✓
3737,21712,无关者,无关者,✓
3738,21713,跟风者,跟风者,✓
3739,21714,劝阻者,劝阻者,✓
3740,21715,跟风者,跟风者,✓
3741,21716,劝阻者,劝阻者,✓
3742,21717,劝阻者,跟风者,✗
3743,21718,跟风者,跟风者,✓
3744,21719,劝阻者,劝阻者,✓
3745,21720,跟风者,跟风者,✓
3746,21721,无关者,无关者,✓
3747,21722,劝阻者,劝阻者,✓
3748,21723,跟风者,跟风者,✓
3749,21724,无关者,无关者,✓
3750,21725,无关者,无关者,✓
3751,21726,劝阻者,劝阻者,✓
3752,21727,网暴者,网暴者,✓
3753,21728,劝阻者,劝阻者,✓
3754,21729,跟风者,跟风者,✓
3755,21730,跟风者,无关者,✗
3756,21731,无关者,跟风者,✗
3757,21732,劝阻者,劝阻者,✓
3758,21733,跟风者,跟风者,✓
3759,21734,无关者,无关者,✓
3760,21735,劝阻者,劝阻者,✓
3761,21736,跟风者,跟风者,✓
3762,21737,跟风者,跟风者,✓
3763,21738,跟风者,跟风者,✓
3764,21739,跟风者,跟风者,✓
3765,21740,跟风者,跟风者,✓
3766,21741,无关者,无关者,✓
3767,21742,跟风者,跟风者,✓
3768,21743,无关者,无关者,✓
3769,21744,跟风者,跟风者,✓
3770,21745,跟风者,跟风者,✓
3771,21746,劝阻者,劝阻者,✓
3772,21747,网暴者,跟风者,✗
3773,21748,无关者,无关者,✓
3774,21749,跟风者,跟风者,✓
3775,21750,劝阻者,劝阻者,✓
3776,21751,劝阻者,劝阻者,✓
3777,21752,无关者,劝阻者,✗
3778,21753,跟风者,跟风者,✓
3779,21754,无关者,无关者,✓
3780,21755,无关者,无关者,✓
3781,21756,无关者,无关者,✓
3782,21757,无关者,无关者,✓
3783,21758,跟风者,跟风者,✓
3784,21759,跟风者,跟风者,✓
3785,21760,劝阻者,劝阻者,✓
3786,21761,跟风者,跟风者,✓
3787,21762,劝阻者,跟风者,✗
3788,21763,无关者,无关者,✓
3789,21764,跟风者,跟风者,✓
3790,21765,跟风者,跟风者,✓
3791,21766,无关者,无关者,✓
3792,21767,网暴者,网暴者,✓
3793,21768,无关者,无关者,✓
3794,21769,跟风者,跟风者,✓
3795,21770,劝阻者,劝阻者,✓
3796,21771,无关者,无关者,✓
3797,21772,网暴者,网暴者,✓
3798,21773,跟风者,跟风者,✓
3799,21774,网暴者,网暴者,✓
3800,21775,跟风者,跟风者,✓
3801,21776,跟风者,跟风者,✓
3802,21777,无关者,无关者,✓
3803,21778,网暴者,网暴者,✓
3804,21779,跟风者,跟风者,✓
3805,21780,跟风者,跟风者,✓
3806,21781,劝阻者,劝阻者,✓
3807,21782,无关者,无关者,✓
3808,21783,劝阻者,劝阻者,✓
3809,21784,劝阻者,劝阻者,✓
3810,21785,劝阻者,劝阻者,✓
3811,21786,无关者,无关者,✓
3812,21787,跟风者,跟风者,✓
3813,21788,网暴者,网暴者,✓
3814,21789,劝阻者,劝阻者,✓
3815,21790,劝阻者,劝阻者,✓
3816,21791,跟风者,跟风者,✓
3817,21792,劝阻者,跟风者,✗
3818,21793,劝阻者,劝阻者,✓
3819,21794,劝阻者,劝阻者,✓
3820,21795,无关者,无关者,✓
3821,21796,无关者,无关者,✓
3822,21797,劝阻者,劝阻者,✓
3823,21798,无关者,无关者,✓
3824,21799,网暴者,网暴者,✓
3825,21800,跟风者,跟风者,✓
3826,21801,劝阻者,劝阻者,✓
3827,21802,网暴者,网暴者,✓
3828,21803,无关者,无关者,✓
3829,21804,无关者,无关者,✓
3830,21805,无关者,无关者,✓
3831,21806,劝阻者,劝阻者,✓
3832,21807,劝阻者,劝阻者,✓
3833,21808,网暴者,网暴者,✓
3834,21809,跟风者,跟风者,✓
3835,21810,跟风者,跟风者,✓
3836,21811,跟风者,跟风者,✓
3837,21812,无关者,无关者,✓
3838,21813,无关者,无关者,✓
3839,21814,无关者,无关者,✓
3840,21815,劝阻者,劝阻者,✓
3841,21816,无关者,无关者,✓
3842,21817,网暴者,网暴者,✓
3843,21818,无关者,无关者,✓
3844,21819,跟风者,无关者,✗
3845,21820,无关者,无关者,✓
3846,21821,劝阻者,劝阻者,✓
3847,21822,跟风者,跟风者,✓
3848,21823,跟风者,跟风者,✓
3849,21824,跟风者,跟风者,✓
3850,21825,无关者,无关者,✓
3851,21826,跟风者,跟风者,✓
3852,21827,劝阻者,劝阻者,✓
3853,21828,劝阻者,劝阻者,✓
3854,21829,无关者,无关者,✓
3855,21830,无关者,无关者,✓
3856,21831,跟风者,跟风者,✓
3857,21832,网暴者,网暴者,✓
3858,21833,跟风者,跟风者,✓
3859,21834,劝阻者,劝阻者,✓
3860,21835,网暴者,网暴者,✓
3861,21836,跟风者,跟风者,✓
3862,21837,跟风者,跟风者,✓
3863,21838,跟风者,跟风者,✓
3864,21839,网暴者,网暴者,✓
3865,21840,无关者,无关者,✓
3866,21841,劝阻者,劝阻者,✓
3867,21842,无关者,无关者,✓
3868,21843,网暴者,网暴者,✓
3869,21844,劝阻者,劝阻者,✓
3870,21845,劝阻者,劝阻者,✓
3871,21846,无关者,无关者,✓
3872,21847,劝阻者,劝阻者,✓
3873,21848,无关者,无关者,✓
3874,21849,无关者,无关者,✓
3875,21850,跟风者,跟风者,✓
3876,21851,跟风者,跟风者,✓
3877,21852,网暴者,网暴者,✓
3878,21853,跟风者,跟风者,✓
3879,21854,跟风者,跟风者,✓
3880,21855,跟风者,跟风者,✓
3881,21856,跟风者,跟风者,✓
3882,21857,网暴者,网暴者,✓
3883,21858,跟风者,跟风者,✓
3884,21859,跟风者,跟风者,✓
3885,21860,无关者,无关者,✓
3886,21861,劝阻者,劝阻者,✓
3887,21862,劝阻者,劝阻者,✓
3888,21863,网暴者,网暴者,✓
3889,21864,劝阻者,劝阻者,✓
3890,21865,劝阻者,劝阻者,✓
3891,21866,网暴者,网暴者,✓
3892,21867,跟风者,跟风者,✓
3893,21868,劝阻者,劝阻者,✓
3894,21869,网暴者,网暴者,✓
3895,21870,无关者,无关者,✓
3896,21871,网暴者,网暴者,✓
3897,21872,劝阻者,跟风者,✗
3898,21873,网暴者,网暴者,✓
3899,21874,劝阻者,劝阻者,✓
3900,21875,无关者,无关者,✓
3901,21876,跟风者,跟风者,✓
3902,21877,劝阻者,劝阻者,✓
3903,21878,劝阻者,跟风者,✗
3904,21879,跟风者,跟风者,✓
3905,21880,劝阻者,劝阻者,✓
3906,21881,劝阻者,劝阻者,✓
3907,21882,无关者,无关者,✓
3908,21883,劝阻者,劝阻者,✓
3909,21884,跟风者,跟风者,✓
3910,21885,劝阻者,劝阻者,✓
3911,21886,劝阻者,劝阻者,✓
3912,21887,无关者,跟风者,✗
3913,21888,劝阻者,劝阻者,✓
3914,21889,网暴者,网暴者,✓
3915,21890,劝阻者,劝阻者,✓
3916,21891,劝阻者,劝阻者,✓
3917,21892,无关者,无关者,✓
3918,21893,劝阻者,劝阻者,✓
3919,21894,劝阻者,劝阻者,✓
3920,21895,跟风者,跟风者,✓
3921,21896,劝阻者,劝阻者,✓
3922,21897,跟风者,跟风者,✓
3923,21898,跟风者,跟风者,✓
3924,21899,劝阻者,跟风者,✗
3925,21900,无关者,无关者,✓
3926,21901,无关者,无关者,✓
3927,21902,跟风者,跟风者,✓
3928,21903,网暴者,网暴者,✓
3929,21904,无关者,无关者,✓
3930,21905,劝阻者,劝阻者,✓
3931,21906,网暴者,网暴者,✓
3932,21907,无关者,无关者,✓
3933,21908,无关者,无关者,✓
3934,21909,无关者,无关者,✓
3935,21910,劝阻者,劝阻者,✓
3936,21911,网暴者,劝阻者,✗
3937,21912,劝阻者,网暴者,✗
3938,21913,跟风者,跟风者,✓
3939,21914,跟风者,跟风者,✓
3940,21915,跟风者,跟风者,✓
3941,21916,劝阻者,劝阻者,✓
3942,21917,跟风者,跟风者,✓
3943,21918,跟风者,跟风者,✓
3944,21919,无关者,无关者,✓
3945,21920,网暴者,网暴者,✓
3946,21921,无关者,无关者,✓
3947,21922,无关者,无关者,✓
3948,21923,无关者,无关者,✓
3949,21924,跟风者,跟风者,✓
3950,21925,跟风者,跟风者,✓
3951,21926,跟风者,跟风者,✓
3952,21927,跟风者,跟风者,✓
3953,21928,跟风者,跟风者,✓
3954,21929,无关者,无关者,✓
3955,21930,无关者,无关者,✓
3956,21931,无关者,无关者,✓
3957,21932,跟风者,跟风者,✓
3958,21933,劝阻者,劝阻者,✓
3959,21934,无关者,无关者,✓
3960,21935,无关者,无关者,✓
3961,21936,劝阻者,劝阻者,✓
3962,21937,网暴者,网暴者,✓
3963,21938,劝阻者,劝阻者,✓
3964,21939,无关者,无关者,✓
3965,21940,跟风者,跟风者,✓
3966,21941,跟风者,跟风者,✓
3967,21942,劝阻者,劝阻者,✓
3968,21943,劝阻者,劝阻者,✓
3969,21944,劝阻者,劝阻者,✓
3970,21945,跟风者,跟风者,✓
3971,21946,无关者,无关者,✓
3972,21947,劝阻者,劝阻者,✓
3973,21948,跟风者,跟风者,✓
3974,21949,无关者,无关者,✓
3975,21950,无关者,无关者,✓
3976,21951,劝阻者,劝阻者,✓
3977,21952,无关者,无关者,✓
3978,21953,无关者,无关者,✓
3979,21954,网暴者,网暴者,✓
3980,21955,劝阻者,劝阻者,✓
3981,21956,劝阻者,劝阻者,✓
3982,21957,劝阻者,劝阻者,✓
3983,21958,无关者,无关者,✓
3984,21959,劝阻者,劝阻者,✓
3985,21960,劝阻者,劝阻者,✓
3986,21961,跟风者,跟风者,✓
3987,21962,无关者,无关者,✓
3988,21963,劝阻者,劝阻者,✓
3989,21964,跟风者,跟风者,✓
3990,21965,劝阻者,劝阻者,✓
3991,21966,跟风者,跟风者,✓
3992,21967,跟风者,跟风者,✓
3993,21968,网暴者,网暴者,✓
3994,21969,跟风者,跟风者,✓
3995,21970,网暴者,网暴者,✓
3996,21971,劝阻者,劝阻者,✓
3997,21972,劝阻者,劝阻者,✓
3998,21973,劝阻者,劝阻者,✓
3999,21974,网暴者,网暴者,✓
4000,21975,跟风者,跟风者,✓
4001,21976,劝阻者,劝阻者,✓
4002,21977,跟风者,跟风者,✓
4003,21978,劝阻者,劝阻者,✓
4004,21979,网暴者,网暴者,✓
4005,21980,劝阻者,劝阻者,✓
4006,21981,跟风者,跟风者,✓
4007,21982,无关者,跟风者,✗
4008,21983,无关者,无关者,✓
4009,21984,网暴者,网暴者,✓
4010,21985,跟风者,跟风者,✓
4011,21986,网暴者,无关者,✗
4012,21987,劝阻者,跟风者,✗
4013,21988,无关者,无关者,✓
4014,21989,网暴者,网暴者,✓
4015,21990,无关者,无关者,✓
4016,21991,网暴者,网暴者,✓
4017,21992,跟风者,跟风者,✓
4018,21993,跟风者,跟风者,✓
4019,21994,跟风者,跟风者,✓
4020,21995,无关者,无关者,✓
4021,21996,无关者,无关者,✓
4022,21997,劝阻者,劝阻者,✓
4023,21998,跟风者,跟风者,✓
4024,21999,无关者,无关者,✓
4025,22000,网暴者,网暴者,✓
4026,22001,网暴者,网暴者,✓
4027,22002,无关者,无关者,✓
4028,22003,跟风者,跟风者,✓
4029,22004,无关者,无关者,✓
4030,22005,劝阻者,网暴者,✗
4031,22006,无关者,无关者,✓
4032,22007,跟风者,跟风者,✓
4033,22008,跟风者,跟风者,✓
4034,22009,跟风者,跟风者,✓
4035,22010,跟风者,跟风者,✓
4036,22011,劝阻者,劝阻者,✓
4037,22012,跟风者,跟风者,✓
4038,22013,跟风者,跟风者,✓
4039,22014,劝阻者,劝阻者,✓
4040,22015,无关者,无关者,✓
4041,22016,网暴者,劝阻者,✗
4042,22017,跟风者,跟风者,✓
4043,22018,网暴者,网暴者,✓
4044,22019,无关者,无关者,✓
4045,22020,劝阻者,跟风者,✗
4046,22021,网暴者,网暴者,✓
4047,22022,跟风者,跟风者,✓
4048,22023,跟风者,跟风者,✓
4049,22024,无关者,无关者,✓
4050,22025,无关者,无关者,✓
4051,22026,无关者,无关者,✓
4052,22027,跟风者,跟风者,✓
4053,22028,无关者,无关者,✓
4054,22029,无关者,无关者,✓
4055,22030,劝阻者,劝阻者,✓
4056,22031,劝阻者,劝阻者,✓
4057,22032,跟风者,跟风者,✓
4058,22033,劝阻者,劝阻者,✓
4059,22034,网暴者,网暴者,✓
4060,22035,跟风者,跟风者,✓
4061,22036,无关者,无关者,✓
4062,22037,跟风者,跟风者,✓
4063,22038,劝阻者,劝阻者,✓
4064,22039,跟风者,跟风者,✓
4065,22040,网暴者,网暴者,✓
4066,22041,跟风者,跟风者,✓
4067,22042,无关者,无关者,✓
4068,22043,跟风者,跟风者,✓
4069,22044,劝阻者,劝阻者,✓
4070,22045,无关者,无关者,✓
4071,22046,无关者,无关者,✓
4072,22047,网暴者,网暴者,✓
4073,22048,网暴者,网暴者,✓
4074,22049,无关者,无关者,✓
4075,22050,无关者,无关者,✓
4076,22051,网暴者,网暴者,✓
4077,22052,跟风者,跟风者,✓
4078,22053,网暴者,网暴者,✓
4079,22054,劝阻者,劝阻者,✓
4080,22055,网暴者,劝阻者,✗
4081,22056,无关者,跟风者,✗
4082,22057,跟风者,跟风者,✓
4083,22058,劝阻者,劝阻者,✓
4084,22059,网暴者,网暴者,✓
4085,22060,网暴者,网暴者,✓
4086,22061,跟风者,跟风者,✓
4087,22062,无关者,无关者,✓
4088,22063,劝阻者,劝阻者,✓
4089,22064,劝阻者,劝阻者,✓
4090,22065,无关者,无关者,✓
4091,22066,无关者,无关者,✓
4092,22067,劝阻者,劝阻者,✓
4093,22068,网暴者,网暴者,✓
4094,22069,网暴者,网暴者,✓
4095,22070,劝阻者,劝阻者,✓
4096,22071,劝阻者,劝阻者,✓
4097,22072,劝阻者,劝阻者,✓
4098,22073,跟风者,跟风者,✓
4099,22074,无关者,无关者,✓
4100,22075,无关者,无关者,✓
4101,22076,跟风者,跟风者,✓
4102,22077,网暴者,网暴者,✓
4103,22078,网暴者,跟风者,✗
4104,22079,跟风者,跟风者,✓
4105,22080,跟风者,跟风者,✓
4106,22081,劝阻者,劝阻者,✓
4107,22082,网暴者,网暴者,✓
4108,22083,无关者,无关者,✓
4109,22084,无关者,无关者,✓
4110,22085,无关者,无关者,✓
4111,22086,劝阻者,劝阻者,✓
4112,22087,无关者,无关者,✓
4113,22088,劝阻者,劝阻者,✓
4114,22089,无关者,无关者,✓
4115,22090,无关者,无关者,✓
4116,22091,无关者,无关者,✓
4117,22092,网暴者,网暴者,✓
4118,22093,劝阻者,网暴者,✗
4119,22094,跟风者,跟风者,✓
4120,22095,劝阻者,劝阻者,✓
4121,22096,跟风者,跟风者,✓
4122,22097,跟风者,跟风者,✓
4123,22098,劝阻者,劝阻者,✓
4124,22099,跟风者,跟风者,✓
4125,22100,无关者,无关者,✓
4126,22101,跟风者,跟风者,✓
4127,22102,网暴者,网暴者,✓
4128,22103,跟风者,跟风者,✓
4129,22104,无关者,无关者,✓
4130,22105,网暴者,网暴者,✓
4131,22106,跟风者,跟风者,✓
4132,22107,劝阻者,劝阻者,✓
4133,22108,网暴者,网暴者,✓
4134,22109,跟风者,跟风者,✓
4135,22110,无关者,无关者,✓
4136,22111,无关者,无关者,✓
4137,22112,跟风者,跟风者,✓
4138,22113,无关者,无关者,✓
4139,22114,无关者,无关者,✓
4140,22115,跟风者,跟风者,✓
4141,22116,无关者,无关者,✓
4142,22117,无关者,无关者,✓
4143,22118,跟风者,跟风者,✓
4144,22119,网暴者,网暴者,✓
4145,22120,网暴者,网暴者,✓
4146,22121,劝阻者,劝阻者,✓
4147,22122,网暴者,网暴者,✓
4148,22123,跟风者,跟风者,✓
4149,22124,劝阻者,劝阻者,✓
4150,22125,跟风者,跟风者,✓
4151,22126,网暴者,劝阻者,✗
4152,22127,无关者,无关者,✓
4153,22128,无关者,无关者,✓
4154,22129,无关者,无关者,✓
4155,22130,无关者,无关者,✓
4156,22131,劝阻者,跟风者,✗
4157,22132,劝阻者,劝阻者,✓
4158,22133,跟风者,跟风者,✓
4159,22134,跟风者,跟风者,✓
4160,22135,跟风者,跟风者,✓
4161,22136,网暴者,网暴者,✓
4162,22137,无关者,无关者,✓
4163,22138,无关者,无关者,✓
4164,22139,网暴者,网暴者,✓
4165,22140,无关者,无关者,✓
4166,22141,无关者,无关者,✓
4167,22142,劝阻者,劝阻者,✓
4168,22143,无关者,跟风者,✗
4169,22144,网暴者,网暴者,✓
4170,22145,劝阻者,劝阻者,✓
4171,22146,无关者,跟风者,✗
4172,22147,网暴者,网暴者,✓
4173,22148,劝阻者,劝阻者,✓
4174,22149,网暴者,网暴者,✓
4175,22150,无关者,无关者,✓
4176,22151,劝阻者,劝阻者,✓
4177,22152,劝阻者,劝阻者,✓
4178,22153,无关者,无关者,✓
4179,22154,跟风者,跟风者,✓
4180,22155,网暴者,网暴者,✓
4181,22156,跟风者,跟风者,✓
4182,22157,无关者,无关者,✓
4183,22158,无关者,无关者,✓
4184,22159,网暴者,网暴者,✓
4185,22160,劝阻者,劝阻者,✓
4186,22161,无关者,无关者,✓
4187,22162,无关者,无关者,✓
4188,22163,劝阻者,劝阻者,✓
4189,22164,跟风者,跟风者,✓
4190,22165,劝阻者,劝阻者,✓
4191,22166,无关者,跟风者,✗
4192,22167,劝阻者,劝阻者,✓
4193,22168,跟风者,跟风者,✓
4194,22169,劝阻者,劝阻者,✓
4195,22170,跟风者,跟风者,✓
4196,22171,跟风者,跟风者,✓
4197,22172,无关者,无关者,✓
4198,22173,无关者,无关者,✓
4199,22174,劝阻者,劝阻者,✓
4200,22175,劝阻者,劝阻者,✓
4201,22176,无关者,无关者,✓
4202,22177,跟风者,跟风者,✓
4203,22178,跟风者,劝阻者,✗
4204,22179,跟风者,跟风者,✓
4205,22180,劝阻者,劝阻者,✓
4206,22181,无关者,无关者,✓
4207,22182,网暴者,网暴者,✓
4208,22183,网暴者,网暴者,✓
4209,22184,跟风者,跟风者,✓
4210,22185,劝阻者,劝阻者,✓
4211,22186,跟风者,劝阻者,✗
4212,22187,无关者,无关者,✓
4213,22188,网暴者,网暴者,✓
4214,22189,无关者,无关者,✓
4215,22190,跟风者,跟风者,✓
4216,22191,跟风者,跟风者,✓
4217,22192,无关者,无关者,✓
4218,22193,网暴者,劝阻者,✗
4219,22194,跟风者,跟风者,✓
4220,22195,跟风者,跟风者,✓
4221,22196,劝阻者,劝阻者,✓
4222,22197,无关者,无关者,✓
4223,22198,无关者,无关者,✓
4224,22199,劝阻者,劝阻者,✓
4225,22200,网暴者,网暴者,✓
4226,22201,无关者,无关者,✓
4227,22202,网暴者,网暴者,✓
4228,22203,劝阻者,劝阻者,✓
4229,22204,跟风者,跟风者,✓
4230,22205,劝阻者,劝阻者,✓
4231,22206,劝阻者,劝阻者,✓
4232,22207,劝阻者,劝阻者,✓
4233,22208,跟风者,跟风者,✓
4234,22209,网暴者,劝阻者,✗
4235,22210,劝阻者,劝阻者,✓
4236,22211,网暴者,网暴者,✓
4237,22212,跟风者,无关者,✗
4238,22213,劝阻者,劝阻者,✓
4239,22214,网暴者,劝阻者,✗
4240,22215,网暴者,网暴者,✓
4241,22216,跟风者,跟风者,✓
4242,22217,网暴者,无关者,✗
4243,22218,无关者,无关者,✓
4244,22219,跟风者,跟风者,✓
4245,22220,网暴者,网暴者,✓
4246,22221,劝阻者,劝阻者,✓
4247,22222,无关者,无关者,✓
4248,22223,劝阻者,劝阻者,✓
4249,22224,跟风者,跟风者,✓
4250,22225,劝阻者,劝阻者,✓
4251,22226,跟风者,跟风者,✓
4252,22227,无关者,无关者,✓
4253,22228,跟风者,跟风者,✓
4254,22229,无关者,跟风者,✗
4255,22230,跟风者,跟风者,✓
4256,22231,无关者,无关者,✓
4257,22232,劝阻者,网暴者,✗
4258,22233,劝阻者,劝阻者,✓
4259,22234,跟风者,跟风者,✓
4260,22235,网暴者,网暴者,✓
4261,22236,劝阻者,劝阻者,✓
4262,22237,无关者,无关者,✓
4263,22238,网暴者,网暴者,✓
4264,22239,无关者,无关者,✓
4265,22240,无关者,跟风者,✗
4266,22241,跟风者,跟风者,✓
4267,22242,无关者,无关者,✓
4268,22243,无关者,无关者,✓
4269,22244,劝阻者,劝阻者,✓
4270,22245,跟风者,跟风者,✓
4271,22246,跟风者,跟风者,✓
4272,22247,网暴者,网暴者,✓
4273,22248,跟风者,跟风者,✓
4274,22249,网暴者,网暴者,✓
4275,22250,网暴者,网暴者,✓
4276,22251,劝阻者,劝阻者,✓
4277,22252,跟风者,跟风者,✓
4278,22253,劝阻者,劝阻者,✓
4279,22254,无关者,无关者,✓
4280,22255,劝阻者,劝阻者,✓
4281,22256,网暴者,网暴者,✓
4282,22257,跟风者,跟风者,✓
4283,22258,劝阻者,劝阻者,✓
4284,22259,劝阻者,劝阻者,✓
4285,22260,网暴者,网暴者,✓
4286,22261,无关者,无关者,✓
4287,22262,网暴者,网暴者,✓
4288,22263,劝阻者,劝阻者,✓
4289,22264,劝阻者,劝阻者,✓
4290,22265,跟风者,跟风者,✓
4291,22266,跟风者,跟风者,✓
4292,22267,网暴者,劝阻者,✗
4293,22268,劝阻者,劝阻者,✓
4294,22269,网暴者,网暴者,✓
4295,22270,劝阻者,劝阻者,✓
4296,22271,劝阻者,劝阻者,✓
4297,22272,劝阻者,劝阻者,✓
4298,22273,劝阻者,劝阻者,✓
4299,22274,网暴者,网暴者,✓
4300,22275,劝阻者,劝阻者,✓
4301,22276,劝阻者,劝阻者,✓
4302,22277,跟风者,跟风者,✓
4303,22278,跟风者,跟风者,✓
4304,22279,劝阻者,劝阻者,✓
4305,22280,跟风者,跟风者,✓
4306,22281,跟风者,劝阻者,✗
4307,22282,跟风者,跟风者,✓
4308,22283,无关者,无关者,✓
4309,22284,无关者,无关者,✓
4310,22285,劝阻者,劝阻者,✓
4311,22286,跟风者,跟风者,✓
4312,22287,跟风者,劝阻者,✗
4313,22288,劝阻者,劝阻者,✓
4314,22289,无关者,无关者,✓
4315,22290,劝阻者,劝阻者,✓
4316,22291,无关者,跟风者,✗
4317,22292,跟风者,跟风者,✓
4318,22293,网暴者,网暴者,✓
4319,22294,跟风者,跟风者,✓
4320,22295,无关者,劝阻者,✗
4321,22296,跟风者,跟风者,✓
4322,22297,网暴者,劝阻者,✗
4323,22298,劝阻者,劝阻者,✓
4324,22299,无关者,跟风者,✗
4325,22300,无关者,无关者,✓
4326,22301,跟风者,跟风者,✓
4327,22302,网暴者,网暴者,✓
4328,22303,跟风者,跟风者,✓
4329,22304,劝阻者,劝阻者,✓
4330,22305,无关者,无关者,✓
4331,22306,劝阻者,劝阻者,✓
4332,22307,无关者,无关者,✓
4333,22308,劝阻者,劝阻者,✓
4334,22309,网暴者,网暴者,✓
4335,22310,无关者,无关者,✓
4336,22311,跟风者,跟风者,✓
4337,22312,网暴者,网暴者,✓
4338,22313,劝阻者,劝阻者,✓
4339,22314,劝阻者,劝阻者,✓
4340,22315,无关者,无关者,✓
4341,22316,跟风者,跟风者,✓
4342,22317,无关者,无关者,✓
4343,22318,跟风者,跟风者,✓
4344,22319,无关者,无关者,✓
4345,22320,劝阻者,劝阻者,✓
4346,22321,无关者,无关者,✓
4347,22322,网暴者,网暴者,✓
4348,22323,无关者,无关者,✓
4349,22324,无关者,无关者,✓
4350,22325,跟风者,跟风者,✓
4351,22326,网暴者,网暴者,✓
4352,22327,劝阻者,劝阻者,✓
4353,22328,跟风者,跟风者,✓
4354,22329,跟风者,跟风者,✓
4355,22330,跟风者,跟风者,✓
4356,22331,劝阻者,劝阻者,✓
4357,22332,无关者,无关者,✓
4358,22333,跟风者,跟风者,✓
4359,22334,无关者,无关者,✓
4360,22335,劝阻者,跟风者,✗
4361,22336,劝阻者,劝阻者,✓
4362,22337,跟风者,劝阻者,✗
4363,22338,劝阻者,劝阻者,✓
4364,22339,网暴者,网暴者,✓
4365,22340,跟风者,无关者,✗
4366,22341,劝阻者,网暴者,✗
4367,22342,无关者,无关者,✓
4368,22343,劝阻者,劝阻者,✓
4369,22344,网暴者,网暴者,✓
4370,22345,跟风者,跟风者,✓
4371,22346,无关者,跟风者,✗
4372,22347,无关者,无关者,✓
4373,22348,劝阻者,劝阻者,✓
4374,22349,跟风者,跟风者,✓
4375,22350,跟风者,跟风者,✓
4376,22351,跟风者,跟风者,✓
4377,22352,无关者,无关者,✓
4378,22353,网暴者,网暴者,✓
4379,22354,无关者,无关者,✓
4380,22355,跟风者,跟风者,✓
4381,22356,劝阻者,跟风者,✗
4382,22357,跟风者,跟风者,✓
4383,22358,无关者,无关者,✓
4384,22359,无关者,无关者,✓
4385,22360,跟风者,跟风者,✓
4386,22361,劝阻者,劝阻者,✓
4387,22362,劝阻者,劝阻者,✓
4388,22363,劝阻者,劝阻者,✓
4389,22364,无关者,无关者,✓
4390,22365,劝阻者,劝阻者,✓
4391,22366,网暴者,网暴者,✓
4392,22367,跟风者,跟风者,✓
4393,22368,无关者,无关者,✓
4394,22369,跟风者,跟风者,✓
4395,22370,跟风者,无关者,✗
4396,22371,网暴者,网暴者,✓
4397,22372,劝阻者,劝阻者,✓
4398,22373,无关者,网暴者,✗
4399,22374,跟风者,跟风者,✓
4400,22375,跟风者,跟风者,✓
4401,22376,跟风者,跟风者,✓
4402,22377,劝阻者,劝阻者,✓
4403,22378,跟风者,跟风者,✓
4404,22379,无关者,无关者,✓
4405,22380,无关者,无关者,✓
4406,22381,跟风者,跟风者,✓
4407,22382,网暴者,网暴者,✓
4408,22383,跟风者,跟风者,✓
4409,22384,网暴者,网暴者,✓
4410,22385,网暴者,网暴者,✓
4411,22386,网暴者,网暴者,✓
4412,22387,劝阻者,劝阻者,✓
4413,22388,无关者,无关者,✓
4414,22389,无关者,无关者,✓
4415,22390,跟风者,跟风者,✓
4416,22391,无关者,无关者,✓
4417,22392,跟风者,跟风者,✓
4418,22393,网暴者,网暴者,✓
4419,22394,跟风者,跟风者,✓
4420,22395,跟风者,跟风者,✓
4421,22396,网暴者,网暴者,✓
4422,22397,跟风者,跟风者,✓
4423,22398,跟风者,跟风者,✓
4424,22399,劝阻者,劝阻者,✓
4425,22400,无关者,无关者,✓
4426,22401,无关者,无关者,✓
4427,22402,网暴者,网暴者,✓
4428,22403,无关者,无关者,✓
4429,22404,无关者,无关者,✓
4430,22405,跟风者,跟风者,✓
4431,22406,劝阻者,劝阻者,✓
4432,22407,无关者,无关者,✓
4433,22408,跟风者,跟风者,✓
4434,22409,劝阻者,劝阻者,✓
4435,22410,跟风者,跟风者,✓
4436,22411,跟风者,跟风者,✓
4437,22412,网暴者,网暴者,✓
4438,22413,网暴者,网暴者,✓
4439,22414,无关者,无关者,✓
4440,22415,无关者,无关者,✓
4441,22416,劝阻者,网暴者,✗
4442,22417,无关者,无关者,✓
4443,22418,跟风者,跟风者,✓
4444,22419,跟风者,跟风者,✓
4445,22420,跟风者,跟风者,✓
4446,22421,跟风者,跟风者,✓
4447,22422,跟风者,跟风者,✓
4448,22423,跟风者,跟风者,✓
4449,22424,跟风者,跟风者,✓
4450,22425,劝阻者,劝阻者,✓
4451,22426,无关者,无关者,✓
4452,22427,无关者,无关者,✓
4453,22428,劝阻者,劝阻者,✓
4454,22429,无关者,无关者,✓
4455,22430,劝阻者,劝阻者,✓
4456,22431,劝阻者,劝阻者,✓
4457,22432,跟风者,跟风者,✓
4458,22433,劝阻者,劝阻者,✓
4459,22434,劝阻者,跟风者,✗
4460,22435,无关者,无关者,✓
4461,22436,跟风者,跟风者,✓
4462,22437,跟风者,跟风者,✓
4463,22438,无关者,跟风者,✗
4464,22439,劝阻者,劝阻者,✓
4465,22440,跟风者,跟风者,✓
4466,22441,无关者,无关者,✓
4467,22442,劝阻者,劝阻者,✓
4468,22443,跟风者,跟风者,✓
4469,22444,无关者,无关者,✓
4470,22445,无关者,无关者,✓
4471,22446,劝阻者,劝阻者,✓
4472,22447,劝阻者,劝阻者,✓
4473,22448,无关者,无关者,✓
4474,22449,跟风者,跟风者,✓
4475,22450,无关者,无关者,✓
4476,22451,无关者,无关者,✓
4477,22452,网暴者,网暴者,✓
4478,22453,无关者,无关者,✓
4479,22454,网暴者,网暴者,✓
4480,22455,跟风者,跟风者,✓
4481,22456,跟风者,跟风者,✓
4482,22457,劝阻者,劝阻者,✓
4483,22458,无关者,无关者,✓
4484,22459,劝阻者,劝阻者,✓
4485,22460,跟风者,跟风者,✓
4486,22461,劝阻者,劝阻者,✓
4487,22462,无关者,无关者,✓
4488,22463,跟风者,跟风者,✓
4489,22464,劝阻者,劝阻者,✓
4490,22465,无关者,无关者,✓
4491,22466,劝阻者,劝阻者,✓
4492,22467,跟风者,跟风者,✓
4493,22468,劝阻者,劝阻者,✓
4494,22469,网暴者,网暴者,✓
